"","GEOID.msa","name","category","change.total_expenses","change.revenue_miles","change.revenue_hours","change.upt","change.fares","change.average_speed","change.avg_fare"
"1",10180,"Abilene, TX","bus",22391,-17137,-1498,3963,-201795,0.135984102874701,-0.398307644024941
"2",10180,"Abilene, TX","other",726777,-80582,-6962,-28172,-93789,0.491877671598576,-0.846876213351152
"3",10420,"Akron, OH","bus",5690367,1481546,83558,-346700,2926430,1.40232151410561,0.484319849592385
"4",10420,"Akron, OH","other",2587600,-14148,-1660,66427,465269,0.06073435337116,0.929899257890006
"5",10500,"Albany, GA","bus",-2320,63210,3055,598,175639,0.342416459586509,0.246047562299364
"6",10500,"Albany, GA","other",597886,-42270,-2425,-8746,8251,-1.00469515980745,1.32902502005346
"7",10580,"Albany-Schenectady-Troy, NY","bus",16353156,721961,75641,3669885,6031652,-0.290612561948871,0.203255136826496
"8",10580,"Albany-Schenectady-Troy, NY","other",14695911,-39512,-23792,-51127,577185,4.47230179069835,5.61120389728762
"9",10740,"Albuquerque, NM","bus",22702698,2111027,150142,4785113,2854151,-0.809124375303227,0.0674442747414808
"10",10740,"Albuquerque, NM","other",7953388,200368,17519,73053,-813,-0.991148402202182,-0.551031629777305
"11",10780,"Alexandria, LA","bus",474895,89796,4361,11746,122241,0.676017021879462,0.169603647124058
"12",10780,"Alexandria, LA","other",402778,-42742,-1200,-2260,5167,-3.55905976376565,0.365564102966174
"13",10900,"Allentown-Bethlehem-Easton, PA-NJ","bus",4687261,-3145314,-38531,-1123221,-10866873,-10.1405523798881,-1.61514360163638
"14",10900,"Allentown-Bethlehem-Easton, PA-NJ","other",4164920,172653,10550,-55621,126613,-0.17863210850971,0.449362690077661
"15",11020,"Altoona, PA","bus",-123900,-58650,-1762,-102585,139469,-0.883124390799516,0.391482723957521
"16",11020,"Altoona, PA","other",213631,24437,1792,4220,17549,1.03902358351756,0.526489602937005
"17",11180,"Ames, IA","bus",1085455,241443,27422,2536858,4184039,-0.430626171774376,0.604515980077952
"18",11180,"Ames, IA","other",145681,10228,1092,851,5060,-0.201030515406877,0.3693293673211
"19",11260,"Anchorage, AK","bus",2972579,-219869,6960,-298530,729987,-2.01935509535093,0.27171803860767
"20",11260,"Anchorage, AK","other",4130243,590614,31082,92657,2158578,-0.518174585447298,4.49087745016409
"21",11260,"Anchorage, AK",NA,245247,1041864,37844,57989,18588620,8.87003171403864,100.595104865669
"22",11460,"Ann Arbor, MI","bus",950418,404551,46381,2564136,-97184,-0.443728249589471,-0.0796815046893234
"23",11460,"Ann Arbor, MI","other",3663160,-322639,-34434,-39469,-85977,1.24730726716959,0.0141927924840788
"24",11540,"Appleton, WI","bus",239383,82105,5589,83115,136438,-0.0879055130367039,0.0738077130148199
"25",11540,"Appleton, WI","other",2243017,99904,-12540,31366,324923,7.27580336371406,1.5168011576493
"26",11700,"Asheville, NC","bus",1195344,108860,6122,308969,-49562,0.31802921734727,-0.166634454106677
"27",11700,"Asheville, NC","other",400608,-198237,-10799,-24244,-34973,NA,NA
"28",12020,"Athens-Clarke County, GA","bus",7866606,924248,121392,11502967,7843183,-3.80826227458314,-0.246084477877956
"29",12020,"Athens-Clarke County, GA","other",660925,26634,8047,9997,17720,-5.25509236321865,-0.22178197099033
"30",12060,"Atlanta-Sandy Springs-Roswell, GA","bus",59822641,-3140367,-128906,-11214549,9216373,-0.65267347996676,0.260879218862859
"31",12060,"Atlanta-Sandy Springs-Roswell, GA","other",38113495,3281452,152045,229262,3659127,-0.126832573291612,1.92023948273739
"32",12060,"Atlanta-Sandy Springs-Roswell, GA","rail",34504398,18195882,679340,3327483,32108913,0.95239899727045,0.412120352881007
"33",12220,"Auburn-Opelika, AL","other",923517,343981,25487,39265,-337259,-4.21817130661718,-7.05031775232043
"34",12260,"Augusta-Richmond County, GA-SC","bus",-75564,-77407,-5177,-151155,60343,-0.209271544782705,0.195439475525998
"35",12260,"Augusta-Richmond County, GA-SC","other",336394,40058,869,5615,16807,2.41755333968796,0.102404534529547
"36",12420,"Austin-Round Rock, TX","bus",12544299,765867,119998,-2202755,14334833,-0.651695008109646,0.454083816505681
"37",12420,"Austin-Round Rock, TX","other",32529511,2845058,173896,73400,1025867,-0.0909536593066065,0.985143503709734
"38",12540,"Bakersfield, CA","bus",2427012,-43463,-7862,-1038482,204865,0.211212488638415,0.150906554605014
"39",12540,"Bakersfield, CA","other",1093293,-18484,5392,-8910,27807,-3.58282411607169,0.748007320118602
"40",12580,"Baltimore-Columbia-Towson, MD","bus",98214630,1094704,22830,139360,-1817384,0.396240855036137,-0.0221743633524707
"41",12580,"Baltimore-Columbia-Towson, MD","other",78132462,6261892,476734,793840,203655,-0.326991081725863,-0.434769210416162
"42",12580,"Baltimore-Columbia-Towson, MD","rail",6870721,5872684,257706,2744314,3732099,1.25386486334411,0.0598026096957034
"43",12620,"Bangor, ME","bus",329279,55519,5384,141084,-484810,-0.315553347046857,-0.6488886271497
"44",12620,"Bangor, ME","other",463411,-22229,-1308,-2730,-3596,NA,NA
"45",12700,"Barnstable Town, MA","bus",1923511,414474,49380,288239,-571781,-4.73294932483595,-3.39290601661859
"46",12700,"Barnstable Town, MA","other",5036993,1155231,49634,102318,3132029,1.04915877477302,5.53144684765399
"47",12940,"Baton Rouge, LA","bus",-8896704,-1044642,-4242,-522296,-2620861,-3.72534140797488,-0.527216701449388
"48",12940,"Baton Rouge, LA","other",1079764,293951,7204,23736,-43656,4.45500744972419,-1.02018049667047
"49",12980,"Battle Creek, MI","bus",102481,-45762,-695,-6521,-295541,-1.21543028900302,-0.570598649674003
"50",12980,"Battle Creek, MI","other",227966,-37853,-2667,1039,-38027,-0.683460426623759,-1.41997759522031
"51",13020,"Bay City, MI","bus",157614,-6765,-9170,-17370,3484,3.10779418996642,0.0479060717566682
"52",13020,"Bay City, MI","other",1421392,-31285,-2927,-7344,20920,0.566421185882803,0.533785925857641
"53",13140,"Beaumont-Port Arthur, TX","bus",157276,35183,4215,-47427,-74697,-0.395357386356359,-0.0559082591676503
"54",13140,"Beaumont-Port Arthur, TX","other",1730110,-7173,1843,3826,-41117,-1.73815371100988,-1.13329970333045
"55",13380,"Bellingham, WA","bus",3388157,161252,8831,1441126,655404,0.313948286598112,0.0480538876683785
"56",13380,"Bellingham, WA","other",8668354,634074,19016,101532,180754,5.26703320920141,0.369961520700223
"57",13740,"Billings, MT","bus",406015,-68830,393,-142255,99038,-1.93652741772564,0.258193869824784
"58",13740,"Billings, MT","other",1399003,-33415,-3412,-18622,-128812,0.49437368733736,-1.00190517970189
"59",13780,"Binghamton, NY","bus",1597254,-199560,-11485,-589299,-475825,-0.577014599936772,-0.0259703753726067
"60",13780,"Binghamton, NY","other",1615251,-66561,-3186,-5539,-87988,-0.614130397736956,-0.711816413840998
"61",13820,"Birmingham-Hoover, AL","bus",2574988,-66770,-12649,-391739,-149748,0.37885365909893,0.0332408513923997
"62",13820,"Birmingham-Hoover, AL","other",5624978,837222,8097,58891,333042,8.81452667645657,1.3656893684733
"63",13900,"Bismarck, ND","bus",276566,27247,-398,28631,-47479,1.67715671441879,-0.453402981368832
"64",13900,"Bismarck, ND","other",2012067,-79897,-3836,-27885,-402516,-0.544809094882142,-2.11634436417553
"65",13980,"Blacksburg-Christiansburg-Radford, VA","bus",1432883,45345,6807,1216805,1405923,-0.28111401634405,0.128461474138719
"66",13980,"Blacksburg-Christiansburg-Radford, VA","other",589179,88687,9322,18697,23330,-0.281834108267313,0.269511291903431
"67",14010,"Bloomington, IL","bus",816534,254953,16660,1109351,503245,0.319245240958814,-0.0267129850794696
"68",14010,"Bloomington, IL","other",1415306,242406,17960,55640,97803,0.877005631011906,-0.00432514230301506
"69",14020,"Bloomington, IN","bus",868379,97749,14839,1130364,485913,-0.723324632269422,-0.011040950170667
"70",14020,"Bloomington, IN","other",631677,-82763,-3731,-3888,5601,-2.48954392986484,0.337485165487502
"71",14260,"Boise City, ID","bus",463104,109503,7733,323803,292899,-0.0557757560505525,0.0699637396736345
"72",14260,"Boise City, ID","other",1383233,95593,7588,19127,21247,-0.062769436994742,-0.214969931536939
"73",14460,"Boston-Cambridge-Newton, MA-NH","bus",107669689,15213875,450106,12881710,122429337,2.85374109938127,0.650647955993346
"74",14460,"Boston-Cambridge-Newton, MA-NH","other",92029682,7726846,412202,828859,4967345,1.56353672129952,1.39638496402268
"75",14460,"Boston-Cambridge-Newton, MA-NH","rail",81744287,21057716,1418352,4798458,128687749,2.01219886216266,0.531196440342229
"76",14460,"Boston-Cambridge-Newton, MA-NH",NA,247883,-93919,679,28674,3006384,-4.59935744075805,2.1431111610468
"77",14540,"Bowling Green, KY","bus",NA,NA,NA,NA,NA,NA,NA
"78",14740,"Bremerton-Silverdale, WA","bus",-91409,-479173,-7173,-1104305,2208345,-2.72478341024398,1.05292796408583
"79",14740,"Bremerton-Silverdale, WA","other",6860867,-1221763,-53647,-228643,121445,-1.04488463791615,0.750767233243711
"80",14740,"Bremerton-Silverdale, WA",NA,358308,-7126,-627,39395,603557,-0.365520791117541,1.18387902769933
"81",14860,"Bridgeport-Stamford-Norwalk, CT","bus",803296,203412,4046,-21545,173582,2.31224355485593,0.235083436392174
"82",14860,"Bridgeport-Stamford-Norwalk, CT","other",755474,55358,2841,-1446,34285,0.53971724758021,0.556203151236467
"83",15180,"Brownsville-Harlingen, TX","bus",1420277,52128,8454,-445275,-319487,-0.724768148267611,-0.0145400942644399
"84",15180,"Brownsville-Harlingen, TX","other",1149928,-64670,-4950,-17238,-22199,-0.343228657431245,-0.0562753967179599
"85",15380,"Buffalo-Cheektowaga-Niagara Falls, NY","bus",19009701,-479212,45825,3671552,12033694,-1.30593146519901,0.371151211427709
"86",15380,"Buffalo-Cheektowaga-Niagara Falls, NY","other",6910359,774456,43306,95629,344673,0.321485269473779,0.550740002766741
"87",15380,"Buffalo-Cheektowaga-Niagara Falls, NY","rail",3274561,449519,48852,-1223896,523716,-1.0260383542383,0.352963361707109
"88",15540,"Burlington-South Burlington, VT","bus",1160622,-155385,-1335,535657,247890,-1.49386518841008,-0.0868314137937891
"89",15540,"Burlington-South Burlington, VT","other",803755,-102650,2569,-7082,21438,-4.70652950413848,0.594457444577195
"90",15940,"Canton-Massillon, OH","bus",-519708,-302631,-20470,539052,831460,0.161970889371627,0.232870051941391
"91",15940,"Canton-Massillon, OH","other",5219756,-51150,5292,-6553,390970,-2.25338671155047,2.63255080832154
"92",15980,"Cape Coral-Fort Myers, FL","bus",1974518,-17330,8774,829281,1293066,-0.858851343129245,0.207477011875783
"93",15980,"Cape Coral-Fort Myers, FL","other",5055569,193255,-4411,-19627,140983,3.25549473266853,1.22175258045697
"94",16220,"Casper, WY","bus",298016,145607,11541,89126,27151,0.385460419673825,-0.0815259234493779
"95",16220,"Casper, WY","other",111273,-32425,-2493,-12936,-22497,-0.162119333327526,-0.101450159193769
"96",16300,"Cedar Rapids, IA","bus",-9514,-93601,-4408,291713,293865,-0.444238274615712,0.0829602677886622
"97",16300,"Cedar Rapids, IA","other",395557,-156774,-10121,-46275,-11227,1.06656590750565,2.85871276418198
"98",16580,"Champaign-Urbana, IL","bus",4299586,610814,46474,3573638,2891781,0.266076498127584,0.0981937837804689
"99",16580,"Champaign-Urbana, IL","other",539173,37099,8150,16709,23357,-1.10298189503874,-0.0482239725643552
"100",16620,"Charleston, WV","bus",1294906,67758,2225,519017,421286,0.208727235320438,0.0215980586060234
"101",16620,"Charleston, WV","other",1040673,-65837,-67,-3748,-20776,-2.42102394404141,-0.458317834678724
"102",16700,"Charleston-North Charleston, SC","bus",2123039,251607,7457,2049465,642741,0.757571803813688,-0.196430040947944
"103",16700,"Charleston-North Charleston, SC","other",3486475,51545,8517,14043,547592,-2.01853757179696,6.55229070801395
"104",16740,"Charlotte-Concord-Gastonia, NC-SC","bus",9490353,-535429,-19019,167028,8517145,-0.353037455378759,0.409468396314812
"105",16740,"Charlotte-Concord-Gastonia, NC-SC","other",6671280,210903,6938,-101282,428636,0.226824375487222,1.24353882049003
"106",16740,"Charlotte-Concord-Gastonia, NC-SC","rail",14867357,997258,61332,4843092,4840946,11.19107576167,-0.205781942659437
"107",16820,"Charlottesville, VA","bus",1855303,144798,25762,971800,130624,-1.42546460607232,-0.0623479717752148
"108",16820,"Charlottesville, VA","other",5849165,1217182,96531,245698,1126749,-6.09395285323849,2.31361013223985
"109",16860,"Chattanooga, TN-GA","bus",2218645,216752,37061,20143,453952,-1.94218920100206,0.16992818968559
"110",16860,"Chattanooga, TN-GA","other",1410032,-40703,-10849,-5012,-5803,2.56961868424178,0.0631283338728341
"111",16860,"Chattanooga, TN-GA",NA,80632,-2054,244,-33951,741672,-0.405568920704306,2.12561825714403
"112",16940,"Cheyenne, WY","bus",89845,-28860,2340,67316,7949,-2.42402101014804,-0.0895183435598255
"113",16940,"Cheyenne, WY","other",685986,-2056,862,-1031,18997,-1.32877816702419,0.945529660373729
"114",16980,"Chicago-Naperville-Elgin, IL-IN-WI","bus",62733895,27078129,373936,-27985512,172340844,2.55732454057677,0.541209138518987
"115",16980,"Chicago-Naperville-Elgin, IL-IN-WI","other",158529180,16356560,863508,1439794,-2589076,1.08594455333701,-1.00182442135358
"116",16980,"Chicago-Naperville-Elgin, IL-IN-WI","rail",-21159448,59264246,3301791,46453819,87628719,-0.18768596676728,0.154180873632497
"117",17020,"Chico, CA","bus",483048,45783,3999,331496,580494,-0.239491865023876,0.249434017792672
"118",17020,"Chico, CA","other",2580776,-54238,7727,27898,177200,-2.76888118594555,0.875087132424375
"119",17140,"Cincinnati, OH-KY-IN","bus",13029147,-869286,-41933,-8938854,5262455,-0.302175179172654,0.689087249052537
"120",17140,"Cincinnati, OH-KY-IN","other",12207133,-232110,8602,-29671,786715,-1.70135992557636,1.92709074213709
"121",17300,"Clarksville, TN-KY","bus",699721,333138,17834,66306,-374806,0.516281193269073,-0.594177533853944
"122",17300,"Clarksville, TN-KY","other",1194768,26372,576,-4562,-69103,0.84036773140765,-2.0771612360226
"123",17420,"Cleveland, TN","bus",NA,NA,NA,NA,NA,NA,NA
"124",17420,"Cleveland, TN","other",NA,NA,NA,NA,NA,NA,NA
"125",17460,"Cleveland-Elyria, OH","bus",2505677,-8356482,-528452,-26042389,-4171924,-1.30284056500578,0.372777114304489
"126",17460,"Cleveland-Elyria, OH","other",30108263,1766122,130148,101233,459793,-0.521239214889206,0.382858002027316
"127",17460,"Cleveland-Elyria, OH","rail",2001559,1029546,63114,-1905637,4764084,-0.745135317354283,0.610992209864933
"128",17660,"Coeur d'Alene, ID","bus",NA,NA,NA,NA,NA,NA,NA
"129",17660,"Coeur d'Alene, ID","other",NA,NA,NA,NA,NA,NA,NA
"130",17780,"College Station-Bryan, TX","bus",5079890,28783,9787,-166706,-853482,-3.18514087272802,-1.11983685288808
"131",17780,"College Station-Bryan, TX","other",5377910,868915,37295,48208,141968,2.51137106095774,0.641806265609212
"132",17820,"Colorado Springs, CO","bus",-195519,-1603037,-80238,-301303,-76300,-2.39804339642136,0.058362932892269
"133",17820,"Colorado Springs, CO","other",6388967,706921,13801,66214,527112,4.42432656673926,1.59061151231375
"134",17860,"Columbia, MO","bus",1830037,398060,45110,1101540,1467014,-2.00601918298796,0.65752300566888
"135",17860,"Columbia, MO","other",985406,172918,8768,36186,180410,4.72173207102014,2.48043964510754
"136",17900,"Columbia, SC","bus",204320,-94655,12320,-396775,-366291,-1.86488613159825,-0.00434833491015718
"137",17900,"Columbia, SC","other",2168675,-115515,-4885,-34692,30880,-0.809870921206461,1.71986224976181
"138",17980,"Columbus, GA-AL","bus",-168186,-47095,3814,95768,-863379,-1.52258072990102,-0.859599341694569
"139",17980,"Columbus, GA-AL","other",470213,79929,6349,25730,-45560,-0.917754720557463,-3.08400460299194
"140",18140,"Columbus, OH","bus",11712039,4285960,381955,4078694,6320242,-0.570883280377549,0.147468688941966
"141",18140,"Columbus, OH","other",9539820,2633962,134881,219691,1302438,-0.398506225377041,0.677260585548977
"142",18580,"Corpus Christi, TX","bus",2402834,664217,60921,157268,357789,-0.694100927381315,0.0589478458498877
"143",18580,"Corpus Christi, TX","other",4348879,234512,18091,15178,58320,-1.24982037602397,0.215261342958192
"144",18580,"Corpus Christi, TX",NA,-26204,167,117,55393,56741,-0.155689368770764,-0.367981684146528
"145",18700,"Corvallis, OR","bus",NA,NA,NA,NA,NA,NA,NA
"146",18700,"Corvallis, OR","other",NA,NA,NA,NA,NA,NA,NA
"147",18880,"Crestview-Fort Walton Beach-Destin, FL","bus",300193,-39383,-2699,30985,98554,-0.0900707069001658,0.640154861072534
"148",18880,"Crestview-Fort Walton Beach-Destin, FL","other",27993,29046,4941,-130,-136987,-1.00596711884444,-1.49543541904964
"149",19060,"Cumberland, MD-WV","bus",218619,-23645,-834,-92903,-39755,-0.823585980863996,-0.137241431688254
"150",19060,"Cumberland, MD-WV","other",393257,-214285,-10380,-2837,-153844,-3.72546987002465,-5.66248297692223
"151",19100,"Dallas-Fort Worth-Arlington, TX","bus",57869232,2153830,373994,-15367389,39342398,-0.771950752456602,0.604966464943944
"152",19100,"Dallas-Fort Worth-Arlington, TX","other",76038628,2588129,133578,340382,484240,0.533174206332273,-0.228489099595631
"153",19100,"Dallas-Fort Worth-Arlington, TX","rail",23431698,7073480,344465,11259638,-1810978,-0.611519135044173,-0.633313921426357
"154",19180,"Danville, IL","bus",303906,261866,5929,254181,-149525,6.22489346208293,-0.372217547807644
"155",19180,"Danville, IL","other",132727,25847,2387,4175,17362,-3.04238345445717,1.20145851666926
"156",19340,"Davenport-Moline-Rock Island, IA-IL","bus",3687873,221128,2118,1584878,100819,0.855813250844367,-0.106870312455483
"157",19340,"Davenport-Moline-Rock Island, IA-IL","other",989063,55352,219,32667,113188,2.40065879867275,0.712161956189811
"158",19380,"Dayton, OH","bus",-1331986,-809522,-77718,-2259570,847070,0.672201188719463,0.217769809724805
"159",19380,"Dayton, OH","other",13111156,-823582,-54804,-56630,136736,0.474335842060363,1.1139207363361
"160",19460,"Decatur, AL","other",121157,124500,20710,-55419,-92102,-7.57996919836962,-0.522840420761026
"161",19500,"Decatur, IL","bus",608934,56066,719,353006,99352,0.683692745273685,-0.0227750305777099
"162",19500,"Decatur, IL","other",963802,-65269,-2176,-17876,11476,-3.36540196239356,2.20046490094096
"163",19660,"Deltona-Daytona Beach-Ormond Beach, FL","bus",576523,11948,6568,397400,1065690,-0.553981013408775,0.239669502265012
"164",19660,"Deltona-Daytona Beach-Ormond Beach, FL","other",3188189,-988088,-56104,-140965,-1643753,-0.600443988787061,-2.98623919575034
"165",19740,"Denver-Aurora-Lakewood, CO","bus",44264112,-2676364,52920,1479810,22899424,-1.2426924802056,0.288375224455871
"166",19740,"Denver-Aurora-Lakewood, CO","other",35177159,115972,75626,-41163,2156739,-1.64288933859913,1.81283238007595
"167",19740,"Denver-Aurora-Lakewood, CO","rail",16135550,9288254,523799,14240723,28284419,0.33622207896607,0.649968070668968
"168",19780,"Des Moines-West Des Moines, IA","bus",4409750,742078,58831,333876,1004386,-0.271958994989658,0.163989621456072
"169",19780,"Des Moines-West Des Moines, IA","other",2427831,289363,-5166,-80629,527272,4.61716839886894,2.5400228757623
"170",19820,"Detroit-Warren-Dearborn, MI","bus",-20724372,-8989564,-629344,-14506535,-2073378,0.0393215200556849,0.235069978818136
"171",19820,"Detroit-Warren-Dearborn, MI","other",19849376,159387,-28943,-59821,887085,1.42952022602132,0.745461194568731
"172",19820,"Detroit-Warren-Dearborn, MI",NA,469502,-608222,-52434,-2307909,-991814,NA,NA
"173",20020,"Dothan, AL","other",1632859,478543,24061,-20847,-259098,2.10448406197707,-1.71995674007179
"174",20100,"Dover, DE","bus",13635859,-1517052,-15907,-1142564,-6172938,-2.55647661696729,-0.436009269156396
"175",20100,"Dover, DE","other",50231668,1042404,44791,207185,1550410,0.544461041949685,1.24646136696319
"176",20220,"Dubuque, IA","bus",-75818,211562,15141,-118355,105128,0.715412977139193,0.270846518092803
"177",20220,"Dubuque, IA","other",1083168,16833,2665,-21485,-91453,-0.471224479066095,-0.705178777057175
"178",20260,"Duluth, MN-WI","bus",1137050,122086,9152,358734,848141,0.0141148477028832,0.194798012354357
"179",20260,"Duluth, MN-WI","other",581524,85073,3826,6471,23059,2.24836153637339,0.41017315884616
"180",20300,"Dumas, TX","bus",521128,-125681,-3983,-55092,-143286,-1.53101440734225,-0.369963180806511
"181",20300,"Dumas, TX","other",1154481,45120,1242,4382,-52953,1.58042316833267,-1.71175044448036
"182",20500,"Durham-Chapel Hill, NC","bus",7554014,839938,74771,3409462,5551000,-0.630691951131849,0.190673896510951
"183",20500,"Durham-Chapel Hill, NC","other",7604971,1131827,65105,16279,183005,-2.11086415953964,0.267917003882266
"184",20740,"Eau Claire, WI","bus",101101,31766,3308,-322492,252689,-0.365475660919182,0.453488071913455
"185",20740,"Eau Claire, WI","other",1244880,-275324,-22107,-71191,-47395,1.40053839239919,1.21043606113706
"186",21300,"Elmira, NY","bus",165401,-143884,-6804,6821,-968068,-0.253805180324598,-1.79976155664457
"187",21300,"Elmira, NY","other",2233819,-121388,-3343,-28589,-348197,-5.49725050091325,-1.59554778590734
"188",21340,"El Paso, TX","bus",4713640,773449,62406,1014805,2283563,-0.0483371562358226,0.13166079475291
"189",21340,"El Paso, TX","other",8663269,358060,6313,15393,270515,1.87864374786236,0.838380487251423
"190",21500,"Erie, PA","bus",2938588,685096,50024,841961,775318,0.755924730771421,0.0148847408457887
"191",21500,"Erie, PA","other",1901265,-330421,-23783,32,294631,-0.513782036596981,1.2776042372288
"192",21660,"Eugene, OR","bus",6363747,-402598,-40892,-1452950,344640,0.474325613312153,0.144748060800632
"193",21660,"Eugene, OR","other",4788203,1101538,64615,115947,352279,1.96913942244407,0.499340251882929
"194",21780,"Evansville, IN-KY","bus",289345,261232,4727,1974079,545132,2.25920383546091,-Inf
"195",21780,"Evansville, IN-KY","other",1967519,86537,12791,51416,285010,-2.49746007258442,-Inf
"196",21820,"Fairbanks, AK","bus",676144,268086,13088,170769,205230,1.68151720037879,0.246729293490769
"197",21820,"Fairbanks, AK","other",1518594,-13030,-8,-859,12256,-1.24529353597003,0.624332446565582
"198",22020,"Fargo, ND-MN","bus",1587183,524630,43491,842434,372314,-0.438637419115448,-0.0102620592902544
"199",22020,"Fargo, ND-MN","other",2010476,134234,9594,12593,-29841,0.411399338273855,-1.47584974391809
"200",22180,"Fayetteville, NC","bus",939314,278143,27188,170253,792471,-1.15675808481,0.469006833946263
"201",22180,"Fayetteville, NC","other",1474465,89333,9968,6930,64045,-3.42437691361956,0.990137475824022
"202",22220,"Fayetteville-Springdale-Rogers, AR-MO","bus",743369,775612,47162,890107,59041,2.34760544772718,0.0254671981598656
"203",22220,"Fayetteville-Springdale-Rogers, AR-MO","other",303180,113232,5945,-1243,7521,1.68068594803387,0.247137178946345
"204",22380,"Flagstaff, AZ","bus",NA,NA,NA,NA,NA,NA,NA
"205",22380,"Flagstaff, AZ","other",NA,NA,NA,NA,NA,NA,NA
"206",22420,"Flint, MI","bus",1871594,162297,10008,450794,3093138,-0.093742504481483,0.575596704005623
"207",22420,"Flint, MI","other",3029768,-1119231,-39708,-275354,-79954,-1.76269937019756,0.402597109478705
"208",22500,"Florence, SC","bus",1291342,351994,20793,190139,336006,2.06930366611924,0.833171829035444
"209",22500,"Florence, SC","other",-1731446,-3190448,-125401,-592722,-4898980,-12.2274476307216,2.42618827737542
"210",22520,"Florence-Muscle Shoals, AL","other",76240,-216809,-7570,-115247,39536,-3.00034972574693,0.734794611929537
"211",22540,"Fond du Lac, WI","bus",218685,-202,-247,29997,-91171,0.265694766705549,-0.705210315434477
"212",22540,"Fond du Lac, WI","other",255468,-62210,-4550,-23104,-94360,-0.567586939041917,-1.61290873972275
"213",22660,"Fort Collins, CO","bus",1812375,619710,38695,811773,1128677,1.42235154126783,0.32538911433024
"214",22660,"Fort Collins, CO","other",2504927,911279,-21366,-2997,373739,27.3354017523033,2.92548582919901
"215",22900,"Fort Smith, AR-OK","bus",115364,-8138,-1840,73208,-106935,0.773226486936904,-0.628293938272258
"216",22900,"Fort Smith, AR-OK","other",40175,-39709,-4693,-8798,-41139,3.14793292751116,-1.26414282641428
"217",23060,"Fort Wayne, IN","bus",1765770,-22677,-6336,15456,611956,0.59460887728234,0.31756731739831
"218",23060,"Fort Wayne, IN","other",2168172,67974,5207,18556,48110,-0.423131716162574,0.159917619641746
"219",23420,"Fresno, CA","bus",6235064,-359233,-30622,-524428,1129390,0.00237063001494064,0.129097743332249
"220",23420,"Fresno, CA","other",7043499,165346,23753,75704,195483,-1.41034840608844,0.654067005633905
"221",23540,"Gainesville, FL","bus",2009705,872970,66631,1688964,5862264,0.387269644184906,0.418663213415209
"222",23540,"Gainesville, FL","other",1647570,345830,15960,12785,158397,3.85638399666354,3.10759059072806
"223",23580,"Gainesville, GA","bus",NA,NA,NA,NA,NA,NA,NA
"224",23580,"Gainesville, GA","other",NA,NA,NA,NA,NA,NA,NA
"225",24020,"Glens Falls, NY","bus",108869,31305,672,62011,-201977,1.09107680824382,-0.646433966612044
"226",24020,"Glens Falls, NY","other",19375,1608,-237,-690,-4162,1.62946299434777,-1.28854489164087
"227",24220,"Grand Forks, ND-MN","bus",221068,39146,4481,91080,-138228,-1.04085822576552,-0.569722211179481
"228",24220,"Grand Forks, ND-MN","other",818137,-46289,6214,11212,161442,-8.5468054599048,2.94882004822094
"229",24300,"Grand Junction, CO","bus",71227,204823,9721,93921,272519,1.23889802019672,0.3033883849503
"230",24300,"Grand Junction, CO","other",51141,70590,5302,9510,15726,-0.409854441729356,-0.814027397792466
"231",24340,"Grand Rapids-Wyoming, MI","bus",6428033,1534928,144413,4149104,5024855,-0.866460382991118,0.270397883766305
"232",24340,"Grand Rapids-Wyoming, MI","other",9075457,1023608,40922,120892,730825,2.04401616383552,1.0036841009168
"233",24500,"Great Falls, MT","bus",134225,-4709,-199,1252,63023,-0.0663949801573462,0.142082885433398
"234",24500,"Great Falls, MT","other",428118,22028,324,1988,6725,1.49692919916671,0.0828143960048666
"235",24540,"Greeley, CO","bus",165757,73512,2777,140832,-241141,1.14734365545416,-0.531499959224067
"236",24540,"Greeley, CO","other",732647,-43959,-3666,-13209,-51258,-0.449103236846568,-1.50568398789766
"237",24580,"Green Bay, WI","bus",509000,-188891,-2127,-307262,63167,-1.98866569760691,0.153556949020523
"238",24580,"Green Bay, WI","other",1517765,-202517,-24263,-23366,-104617,3.44556521190044,-0.472579608618535
"239",24660,"Greensboro-High Point, NC","bus",10770338,803336,56379,1374762,2150171,0.440060341816375,0.298521631142306
"240",24660,"Greensboro-High Point, NC","other",11534588,1021272,29909,317846,595649,3.26899734724989,0.506902270838239
"241",24860,"Greenville-Anderson-Mauldin, SC","bus",-435754,394627,18022,180352,412379,1.73867734788008,0.279634384345338
"242",24860,"Greenville-Anderson-Mauldin, SC","other",-123070,20951,871,-24,8273,1.87946118603821,1.03778507412049
"243",25060,"Gulfport-Biloxi-Pascagoula, MS","bus",974680,225569,9947,299746,476119,1.6725615132456,0.511229052875317
"244",25060,"Gulfport-Biloxi-Pascagoula, MS","other",594763,1038611,26971,158630,3183,15.1778464286219,-3.07439735927468
"245",25180,"Hagerstown-Martinsburg, MD-WV","bus",118593,-5392,-8,121429,-255241,-0.19829599520263,-0.799624687892582
"246",25180,"Hagerstown-Martinsburg, MD-WV","other",253396,-291,-617,2508,-15418,1.8004566856752,-1.47104283942372
"247",25260,"Hanford-Corcoran, CA","bus",394209,55138,331,18831,183866,1.25696548796479,0.222129424748294
"248",25260,"Hanford-Corcoran, CA","other",2441094,-69858,-5287,-16876,-6315,-1.76035609324417,0.404452389149186
"249",25420,"Harrisburg-Carlisle, PA","bus",8945231,4073336,68011,1378661,36212870,15.6163638986242,8.46502470054516
"250",25420,"Harrisburg-Carlisle, PA","other",1381955,-16334,-7783,5877,-1579029,1.36890829043604,-8.11988405993536
"251",25500,"Harrisonburg, VA","bus",604990,187187,17263,1433460,704448,0.208939989545447,-0.122408048033749
"252",25500,"Harrisonburg, VA","other",674948,46577,5376,6108,70448,-0.246337409383951,2.11434288001899
"253",25540,"Hartford-West Hartford-East Hartford, CT","bus",221985,-76099,-2978,-4681,64090,-1.07150843467011,0.182659712714227
"254",25540,"Hartford-West Hartford-East Hartford, CT","other",1070815,-4522158,-106904,-783410,-2588388,-12.3167060805009,0.0407858347299728
"255",25860,"Hickory-Lenoir-Morganton, NC","bus",NA,NA,NA,NA,NA,NA,NA
"256",25860,"Hickory-Lenoir-Morganton, NC","other",NA,NA,NA,NA,NA,NA,NA
"257",26420,"Houston-The Woodlands-Sugar Land, TX","bus",55646485,-5374439,-108461,-29909073,-19039011,-1.41317969664085,-0.0392110430779219
"258",26420,"Houston-The Woodlands-Sugar Land, TX","other",53662508,6230148,435980,1090672,6187399,-2.39725055438382,1.16952980903336
"259",26420,"Houston-The Woodlands-Sugar Land, TX","rail",1720086,1532379,138440,3881311,1302634,-1.87321113857985,0.00644316412466284
"260",26580,"Huntington-Ashland, WV-KY-OH","bus",1013978,223089,4699,170221,353891,2.63444883986255,0.2868890635951
"261",26580,"Huntington-Ashland, WV-KY-OH","other",958896,119316,7823,2664,70952,0.142292927946007,1.42742066921596
"262",26620,"Huntsville, AL","bus",228559,-50885,3030,325315,172143,-2.74615152720527,0.0598714072887614
"263",26620,"Huntsville, AL","other",1276426,51871,-1938,-5895,90004,2.13988923559412,1.08956226678963
"264",26820,"Idaho Falls, ID","bus",148095,58399,-746,-14761,-22556,6.06208606822373,-0.473706317204301
"265",26820,"Idaho Falls, ID","other",928755,337816,24737,38571,-11946,-5.17722286942974,-0.804011307039978
"266",26900,"Indianapolis-Carmel-Anderson, IN","bus",13675908,1164638,83628,25091,2355270,0.0348774835646779,0.236384664709748
"267",26900,"Indianapolis-Carmel-Anderson, IN","other",7860223,-259386,-24324,-58853,370742,0.775427462867608,1.54356170220089
"268",26980,"Iowa City, IA","bus",1319737,156244,11691,1333362,2250597,0.171801780197384,0.283089386073904
"269",26980,"Iowa City, IA","other",1183412,-245086,-20458,-78933,109262,-4.1489468797168,19.1536493723219
"270",27060,"Ithaca, NY","bus",1336436,58783,1542,1180510,1047870,0.320538483460863,-0.0503051435948683
"271",27060,"Ithaca, NY","other",649684,140008,4546,952,31603,2.72342685725221,0.52386906568209
"272",27100,"Jackson, MI","bus",358168,13720,2358,-10124,134604,-0.703306268596416,0.253706307196331
"273",27100,"Jackson, MI","other",1005293,-461031,-23043,-78385,-118303,-3.22054293296093,-0.218755035172285
"274",27140,"Jackson, MS","bus",-277112,-196030,-6597,-159221,157159,-1.7235741231796,0.37778264182805
"275",27140,"Jackson, MS","other",1012568,20405,2462,3700,36506,-0.478429606574364,0.843208160958937
"276",27180,"Jackson, TN","bus",374227,13019,-2550,75624,179034,1.23314681732133,0.262896645152443
"277",27180,"Jackson, TN","other",978913,44942,-1246,923,68179,4.25453311938066,1.80663003541907
"278",27260,"Jacksonville, FL","bus",341596,-814448,33141,1438101,10634874,-2.1036425447761,0.887899718848707
"279",27260,"Jacksonville, FL","other",8258421,-1961369,-86786,-151773,-12408632,-1.27586239332627,-22.0724881056273
"280",27260,"Jacksonville, FL",NA,216109,-259604,-19581,-635732,-7346234,NA,NA
"281",27500,"Janesville-Beloit, WI","bus",329722,13694,2040,-210598,-533101,-0.349678600208668,-0.637734020791215
"282",27500,"Janesville-Beloit, WI","other",129785,2810,-414,-784,-1688,3.7599212720958,-0.0163176502583628
"283",27620,"Jefferson City, MO","bus",333164,-75719,-7254,-127175,-343545,1.81772008609069,-0.891287540731824
"284",27620,"Jefferson City, MO","other",828950,10313,1733,1892,-33436,-1.02220075348414,-0.624796785947865
"285",27740,"Johnson City, TN","bus",412529,81684,9082,186094,-111117,-1.37798787151587,-0.259885116076733
"286",27740,"Johnson City, TN","other",1144425,122058,4786,13765,-42769,3.67605062439698,-1.26753008120443
"287",27780,"Johnstown, PA","bus",-141131,380338,17626,-34326,147988,2.36824261030849,0.145811536089172
"288",27780,"Johnstown, PA","other",6598,333883,21827,52148,724234,-0.433708145927037,10.6809467457157
"289",27780,"Johnstown, PA",NA,13805,-82,-32,-65552,-88180,-0.000967713556787153,0.134444090373232
"290",28020,"Kalamazoo-Portage, MI","bus",-34147,-43541,-7466,241,929184,0.487001053287164,0.333875218779138
"291",28020,"Kalamazoo-Portage, MI","other",2136646,707032,18848,40008,33030,6.71403717322321,-0.987012661030417
"292",28100,"Kankakee, IL","bus",1154884,427839,27836,626551,184255,0.401316732804325,-0.170373799425509
"293",28100,"Kankakee, IL","other",647174,20925,827,4392,457,1.82186615799245,-0.217545221716929
"294",28140,"Kansas City, MO-KS","bus",5066413,-1066443,-102939,-720012,1339660,0.608221920964619,0.128669558929173
"295",28140,"Kansas City, MO-KS","other",8543767,3580,31667,-123199,180092,-3.18537020670863,0.802373930862001
"296",28420,"Kennewick-Richland, WA","bus",1004866,-336424,-13978,-494150,576881,-0.74552147885429,0.259465855063033
"297",28420,"Kennewick-Richland, WA","other",11488627,295527,-39561,-94598,1022670,5.96936380589295,0.960192701685689
"298",28740,"Kingston, NY","bus",2810324,-1825128,-23188,-260129,-8767791,-18.3008269443054,-12.4437439639573
"299",28940,"Knoxville, TN","bus",1017209,-159858,-16335,-496931,888782,0.192125010736552,0.357716961480181
"300",28940,"Knoxville, TN","other",4342610,1159241,53581,155159,2078462,3.99868885383503,8.59890938051656
"301",29020,"Kokomo, IN","other",1731026,-385173,-40268,-74550,-301769,1.04500928067704,-1.89326767370522
"302",29100,"La Crosse-Onalaska, WI-MN","bus",231869,51082,1327,39983,183691,0.589065420759839,0.151336720123539
"303",29100,"La Crosse-Onalaska, WI-MN","other",704676,-104681,-10034,-40384,-169553,1.02972573058614,4.46108437666699
"304",29180,"Lafayette, LA","bus",677041,173792,1244,-99620,48938,3.1603190045636,0.052184294306558
"305",29180,"Lafayette, LA","other",674200,28219,8092,-18044,23027,-3.85148720816738,0.942697762580378
"306",29200,"Lafayette-West Lafayette, IN","bus",2684795,250386,10252,627948,1142001,1.0007374438145,0.180344191909247
"307",29200,"Lafayette-West Lafayette, IN","other",425884,46959,3285,10615,60842,1.14891445901225,1.25801637883881
"308",29460,"Lakeland-Winter Haven, FL","bus",78013,-705628,-32150,-536310,-312842,-1.64921658445847,-0.0399713139887753
"309",29460,"Lakeland-Winter Haven, FL","other",7719853,296913,27798,-9499,238046,-1.50207744181475,2.08250723804124
"310",29540,"Lancaster, PA","bus",1251470,-8425,6668,-50244,627283,-0.948844043180481,0.350030023290785
"311",29540,"Lancaster, PA","other",1674445,595930,44545,-63241,12145,-0.421988023210682,0.193049071962684
"312",29620,"Lansing-East Lansing, MI","bus",2666326,336146,19628,1189211,3400361,0.332435637953285,0.27753459716041
"313",29620,"Lansing-East Lansing, MI","other",9990857,-358066,64640,-148045,462633,-5.90024224227717,2.20321075721689
"314",29700,"Laredo, TX","bus",-33980,-82446,-16395,-1078314,566159,0.616684171709668,0.405648986202541
"315",29700,"Laredo, TX","other",2384619,-19898,-2815,-8488,3753,0.220780917349293,0.199802857737501
"316",29740,"Las Cruces, NM","bus",458844,113277,5096,39012,345447,1.3760655242619,0.454956872545506
"317",29740,"Las Cruces, NM","other",734401,37002,5024,5876,-16814,-0.561322473223139,-0.36867540991313
"318",29820,"Las Vegas-Henderson-Paradise, NV","bus",33598646,-2308553,-136511,1520487,24173087,-0.542538887619907,0.375694279007372
"319",29820,"Las Vegas-Henderson-Paradise, NV","other",33897690,3595790,180341,412307,1530612,1.8190646355867,0.816801022785084
"320",30020,"Lawton, OK","bus",547215,13799,2777,129362,-169370,-0.687293506173463,-0.558030272079706
"321",30020,"Lawton, OK","other",350276,54420,7068,13586,-12946,-5.0427796858533,-1.93628477415495
"322",30140,"Lebanon, PA","bus",1048903,-32879,306,75648,104688,-1.47714546157207,0.0964526409742069
"323",30140,"Lebanon, PA","other",293798,-113155,-5998,-18968,247953,-1.01311331520378,9.27470494623499
"324",30340,"Lewiston-Auburn, ME","bus",195564,31957,4259,209817,121620,-1.38154774645377,0.0752094550690898
"325",30340,"Lewiston-Auburn, ME","other",-1572241,-625723,-43366,-139660,-51324,-3.55010362269884,2.74425946759272
"326",30460,"Lexington-Fayette, KY","bus",4719012,372495,44888,2647,1039396,-1.0563002282585,0.273481310716236
"327",30460,"Lexington-Fayette, KY","other",4295940,640815,48184,75291,128442,-0.0524158262019778,0.0592479013725915
"328",30700,"Lincoln, NE","bus",492294,98195,4577,587185,859441,0.344960138811755,0.19482645108755
"329",30700,"Lincoln, NE","other",1934705,-87758,-2506,-17016,-54384,-2.62836216842082,-0.535958033291974
"330",30780,"Little Rock-North Little Rock-Conway, AR","bus",947290,172668,16992,371676,145964,-0.410763631475369,-0.0589115776044845
"331",30780,"Little Rock-North Little Rock-Conway, AR","other",1759245,102538,3464,18055,65327,1.32282088406387,0.304766740460224
"332",30780,"Little Rock-North Little Rock-Conway, AR","rail",346439,-37475,-8107,-154432,-46524,NA,NA
"333",30860,"Logan, UT-ID","bus",NA,NA,NA,NA,NA,NA,NA
"334",30860,"Logan, UT-ID","other",NA,NA,NA,NA,NA,NA,NA
"335",31020,"Longview, WA","bus",190861,135303,11177,97835,39495,-0.284769249118963,0.0273376784871803
"336",31020,"Longview, WA","other",1136300,27375,2881,10712,7241,-0.0885746084273968,0.0959896630236217
"337",31080,"Los Angeles-Long Beach-Anaheim, CA","bus",232968711,-16358615,-439723,-89623408,75486362,-0.825269831495993,0.253931040809283
"338",31080,"Los Angeles-Long Beach-Anaheim, CA","other",167484103,51985058,1803886,6201997,28026793,5.03034248190498,1.47704547247152
"339",31080,"Los Angeles-Long Beach-Anaheim, CA","rail",28957732,15616361,781235,27984013,37567847,-2.50817240785493,0.196749774966282
"340",31140,"Louisville/Jefferson County, KY-IN","bus",5105126,-699866,-39200,-539556,4737947,-0.346509616828614,0.352280173145986
"341",31140,"Louisville/Jefferson County, KY-IN","other",13932790,-331493,-1756,51565,286419,-1.31503723540746,0.466192604182013
"342",31180,"Lubbock, TX","bus",930995,287616,36843,528896,1620482,-1.82504809005529,0.308979014052233
"343",31180,"Lubbock, TX","other",3725466,121519,2455,14322,-42376,2.28854735350682,-0.999078566568319
"344",31340,"Lynchburg, VA","bus",1910917,23981,23121,1825318,103434,-3.69262046802527,-0.475657520865284
"345",31340,"Lynchburg, VA","other",737091,57892,10540,10729,35734,-7.84044725681464,0.314624688789038
"346",31420,"Macon, GA","bus",533418,307819,7291,-63622,-931453,2.4085168588228,-0.87878976571028
"347",31420,"Macon, GA","other",NA,NA,NA,NA,NA,NA,NA
"348",31540,"Madison, WI","bus",5403899,366857,40255,2323793,5041358,-0.372469794667891,0.244706474922405
"349",31540,"Madison, WI","other",7538937,-21017,-9442,1795,536,1.2174288972436,-0.0055343474863021
"350",31700,"Manchester-Nashua, NH","bus",394753,244305,16460,195833,529214,0.483880545941556,0.41020807010666
"351",31700,"Manchester-Nashua, NH","other",1253770,-87399,-6231,-22083,6780,-0.478549310385047,1.24568187161185
"352",31900,"Mansfield, OH","bus",-3866,55710,1042,-22995,-146598,2.18735229595512,-0.519913748466127
"353",31900,"Mansfield, OH","other",324791,9645,-3749,-19601,-52124,4.4723260072987,-1.37276797471688
"354",32580,"McAllen-Edinburg-Mission, TX","bus",1424573,664430,32865,219171,64599,5.16063643527252,-0.292234493525635
"355",32580,"McAllen-Edinburg-Mission, TX","other",-129110,-34695,1432,23398,-36621,-4.8611950647019,-2.52166646816461
"356",32780,"Medford, OR","bus",375169,84291,5214,-5712,439786,0.192156951338944,0.338247257733679
"357",32780,"Medford, OR","other",1050796,-114715,-2684,-35141,7342,-2.00253309353259,0.877895030225091
"358",32820,"Memphis, TN-MS-AR","bus",4326802,-1222379,-85235,-2654578,-86620,0.294489167291575,0.241799089784639
"359",32820,"Memphis, TN-MS-AR","other",8584912,-129698,-12591,-12664,87380,0.680793538339264,0.468293151397191
"360",32820,"Memphis, TN-MS-AR","rail",415340,-394837,-49804,-959269,-796334,NA,NA
"361",32900,"Merced, CA","bus",1183682,689265,51875,-278312,131254,-2.2195097251516,0.345360512650384
"362",32900,"Merced, CA","other",2201754,-95509,-7439,-65521,353184,0.966896864477935,5.43552599989472
"363",33100,"Miami-Fort Lauderdale-West Palm Beach, FL","bus",65694304,-4427764,-297641,-5828769,44601332,-0.117983039729452,0.383360675382189
"364",33100,"Miami-Fort Lauderdale-West Palm Beach, FL","other",108562819,13998846,846036,1783928,4312172,0.34290229420913,-0.564689695187596
"365",33100,"Miami-Fort Lauderdale-West Palm Beach, FL","rail",3372939,6564798,312001,4675647,7065231,-6.42301810643385,0.0789650220432192
"366",33100,"Miami-Fort Lauderdale-West Palm Beach, FL",NA,3604588,-944234,-97237,-8381116,-392411,NA,NA
"367",33260,"Midland, TX","bus",606266,-41814,-3214,-35337,-228727,0.205505456625611,-0.612489891226924
"368",33260,"Midland, TX","other",473924,116374,11418,14809,-24073,-6.25807330284634,-1.63985013623978
"369",33340,"Milwaukee-Waukesha-West Allis, WI","bus",11585258,-1655256,-75889,-9185922,-9506987,-0.48395469581282,-0.0246189972982764
"370",33340,"Milwaukee-Waukesha-West Allis, WI","other",29368033,-1780516,-124860,-587919,-1550984,0.498776967362678,0.458970759810143
"371",33460,"Minneapolis-St. Paul-Bloomington, MN-WI","bus",43271318,-2611837,-33050,-8798982,1010466,-0.934110069046874,0.1418260137216
"372",33460,"Minneapolis-St. Paul-Bloomington, MN-WI","other",43716129,10288761,411564,645675,3820338,2.90900213428286,0.741528346775338
"373",33460,"Minneapolis-St. Paul-Bloomington, MN-WI","rail",6277090,4106029,359043,14045545,14370522,-3.30008409185139,0.0788521788735553
"374",33540,"Missoula, MT","bus",1200046,209621,23596,772012,578163,-2.39344867794063,0.143140252814324
"375",33540,"Missoula, MT","other",406253,-24899,-3081,-5780,-54373,1.05061842866244,-1.72048630219406
"376",33660,"Mobile, AL","bus",942705,117853,-1591,282499,20815,1.44658427853286,-0.195808994218427
"377",33660,"Mobile, AL","other",2725329,23134,1338,-7395,68309,0.0768301053215819,0.985020242656564
"378",33700,"Modesto, CA","bus",1586727,201979,21427,14494,631274,-0.505722963933829,0.165078289333791
"379",33700,"Modesto, CA","other",1604504,-91323,-5411,4697,105521,-0.502104162568228,0.761022828017068
"380",33740,"Monroe, LA","bus",811454,51602,7327,19768,98291,-1.09431007072386,0.0797569448122756
"381",33740,"Monroe, LA","other",262503,-5966,-763,1863,6764,0.435234362721987,0.359668135680018
"382",33860,"Montgomery, AL","bus",1322685,369,555,-29575,292546,-0.128512242119845,0.364927876564413
"383",33860,"Montgomery, AL","other",1175947,-117919,-4742,-5500,14326,-2.18899642818002,0.768533882170481
"384",34060,"Morgantown, WV","bus",1192685,284703,9158,608453,-174538,2.5709317611142,-0.352372799916014
"385",34060,"Morgantown, WV","other",317826,-27947,-1590,-8016,-1403,-1.12862500230921,-0.0914066062935696
"386",34580,"Mount Vernon-Anacortes, WA","bus",1475060,313931,25280,304888,220657,-2.34134622756564,0.184924676109934
"387",34580,"Mount Vernon-Anacortes, WA","other",3452883,612553,21682,68293,311213,2.28022540390437,1.12196561493125
"388",34620,"Muncie, IN","bus",-225644,-91116,-9390,-215177,23882,0.646383741459591,0.0233972738579574
"389",34620,"Muncie, IN","other",1813851,-63647,-5000,-15903,-14594,-0.207031947380571,-0.0566814601725825
"390",34740,"Muskegon, MI","bus",-17539,203277,12645,145368,173101,0.781937609048441,0.157752964093937
"391",34740,"Muskegon, MI","other",-71136,92722,4900,13038,57209,1.66150854929985,1.45819747151682
"392",34820,"Myrtle Beach-Conway-North Myrtle Beach, SC-NC","bus",-68968,-262939,-31460,-79788,6168,5.82438444439848,0.187973999190374
"393",34820,"Myrtle Beach-Conway-North Myrtle Beach, SC-NC","other",237770,-67215,-1936,-7364,-21459,-5.37686483896741,-0.259312936709423
"394",34940,"Naples-Immokalee-Marco Island, FL","bus",1783484,450123,20831,41567,477168,1.18999427109704,0.412109482987961
"395",34940,"Naples-Immokalee-Marco Island, FL","other",1455433,263222,4282,23362,128342,3.88411297276638,0.940717425906705
"396",34980,"Nashville-Davidson--Murfreesboro--Franklin, TN","bus",9706422,1514105,148956,2159864,3305846,-1.31215453761424,0.115453448828013
"397",34980,"Nashville-Davidson--Murfreesboro--Franklin, TN","other",20832330,1819144,55441,342814,1426857,5.55884311400458,0.241486606024295
"398",35300,"New Haven-Milford, CT","other",NA,NA,NA,NA,NA,NA,NA
"399",35380,"New Orleans-Metairie, LA","bus",-6776096,1792416,180912,4636768,11564427,-1.28528117811376,0.750688306514606
"400",35380,"New Orleans-Metairie, LA","other",16980078,1027523,86389,195521,357292,1.36614080453798,-0.528999828016447
"401",35380,"New Orleans-Metairie, LA","rail",7223891,-164229,-31336,-605899,-202251,NA,NA
"402",35620,"New York-Newark-Jersey City, NY-NJ-PA","bus",983528280,134711158,4066373,-155505536,-945841806,3.04211543075357,-0.363726319141077
"403",35620,"New York-Newark-Jersey City, NY-NJ-PA","other",755526111,42603679,3444980,5227476,10076286,-1.11043211679602,-0.324151362600551
"404",35620,"New York-Newark-Jersey City, NY-NJ-PA","rail",687859342,320076517,17564488,805446775,1461859332,0.171327050012128,0.224307892732856
"405",35620,"New York-Newark-Jersey City, NY-NJ-PA",NA,68676174,624842,40940,6729169,51306200,2.86841591633216,1.67687796733401
"406",35660,"Niles-Benton Harbor, MI","bus",-11454,141129,8972,68297,-6826,1.35425372609515,-0.398435675928088
"407",35660,"Niles-Benton Harbor, MI","other",-304230,-214435,-9953,-145596,-380558,-2.53901456838927,-1.39121311379522
"408",35840,"North Port-Sarasota-Bradenton, FL","bus",5289543,1691204,103230,878018,1437483,0.985773372293357,0.251105280615366
"409",35840,"North Port-Sarasota-Bradenton, FL","other",5676923,228345,29243,20008,436916,-1.37308905628038,1.46152444899327
"410",36420,"Oklahoma City, OK","bus",3873220,-299248,-5195,327643,1846524,-0.995066016775949,0.401262275194915
"411",36420,"Oklahoma City, OK","other",4350912,80143,6068,-8436,-75682,-0.15117414122367,-0.601399233792121
"412",36500,"Olympia-Tumwater, WA","bus",4988097,17433,12385,827903,992768,-0.815478073563247,0.150729906082775
"413",36500,"Olympia-Tumwater, WA","other",7759673,1431001,48646,248366,1156546,1.14659365004291,0.935566462401001
"414",36540,"Omaha-Council Bluffs, NE-IA","bus",5196289,138966,6388,-100641,363026,0.178857373582764,0.123207472101709
"415",36540,"Omaha-Council Bluffs, NE-IA","other",497473,362625,26781,61375,132362,-0.706108605773434,-0.360563919492987
"416",36740,"Orlando-Kissimmee-Sanford, FL","bus",15292137,1990500,156831,2782241,8549371,-0.193053063138155,0.237264811483415
"417",36740,"Orlando-Kissimmee-Sanford, FL","other",18013072,3956282,138663,296642,1012226,2.80718036385784,0.554543392156959
"418",36780,"Oshkosh-Neenah, WI","bus",297350,-16733,-641,-109102,99944,-0.191655330142083,0.154734965193079
"419",36780,"Oshkosh-Neenah, WI","other",949179,-556155,-32700,-130993,-169543,NA,NA
"420",37100,"Oxnard-Thousand Oaks-Ventura, CA","bus",3102605,-363976,31587,109405,300039,-3.21847417613915,0.0461932414582324
"421",37100,"Oxnard-Thousand Oaks-Ventura, CA","other",6445445,199872,11025,-58165,174130,0.382937172975481,0.700182943227176
"422",37340,"Palm Bay-Melbourne-Titusville, FL","bus",1903103,761281,45792,1462159,975202,-2.09496785687586,0.234740991233345
"423",37340,"Palm Bay-Melbourne-Titusville, FL","other",337794,-298998,-49699,-38006,-303893,6.61285417690294,-0.389057336311017
"424",37460,"Panama City, FL","bus",NA,NA,NA,NA,NA,NA,NA
"425",37860,"Pensacola-Ferry Pass-Brent, FL","bus",-226062,-80766,-18484,312121,-229333,2.25556691742631,-0.380329057202669
"426",37860,"Pensacola-Ferry Pass-Brent, FL","other",1319234,475471,35301,33435,-31428,-1.26484566267506,-1.29507724929027
"427",37900,"Peoria, IL","bus",3353280,308553,-14099,913244,198039,4.51845907768593,-0.0930785376744772
"428",37900,"Peoria, IL","other",2194449,366773,22459,28917,38168,1.09563782970955,-0.176771173141901
"429",37980,"Philadelphia-Camden-Wilmington, PA-NJ-DE-MD","bus",135531999,15655541,853358,4377683,96175228,1.29008127043079,0.422773995353583
"430",37980,"Philadelphia-Camden-Wilmington, PA-NJ-DE-MD","other",29574870,2161077,140419,110699,944621,0.748055998733046,0.327237071498624
"431",37980,"Philadelphia-Camden-Wilmington, PA-NJ-DE-MD","rail",33394000,13770906,448799,-8521512,26545683,7.59296299079,0.307247565265232
"432",38060,"Phoenix-Mesa-Scottsdale, AZ","bus",71116135,6007698,640558,1577416,12421559,-1.27531544424929,0.202309382382131
"433",38060,"Phoenix-Mesa-Scottsdale, AZ","other",48963519,-1316513,-169325,-256296,2484913,4.32891514488019,1.93050822430133
"434",38060,"Phoenix-Mesa-Scottsdale, AZ","rail",NA,NA,NA,NA,NA,NA,NA
"435",38300,"Pittsburgh, PA","bus",5962597,-6561858,-499807,-4528613,24597955,0.1291662766565,0.508279541054495
"436",38300,"Pittsburgh, PA","other",14472431,9488351,637739,1518826,3466108,-3.89917170827868,-14.2260844598656
"437",38300,"Pittsburgh, PA","rail",10991130,684394,61334,537339,5058850,-0.886457292307696,0.570528384456132
"438",38300,"Pittsburgh, PA",NA,94581,-15132,-3978,-239072,109597,-0.47212639669917,0.439599831001696
"439",38340,"Pittsfield, MA","bus",555657,62467,7344,78630,226142,-1.50258999697494,0.233535707447084
"440",38340,"Pittsfield, MA","other",1148500,-83571,-14150,-32391,-154883,1.85484643821775,0.49449818116248
"441",38860,"Portland-South Portland, ME","bus",6911355,1530837,61038,396412,5222663,4.9906585671872,2.06646599683761
"442",38860,"Portland-South Portland, ME","other",153728,-90963,-16994,-77357,-1704858,2.42407611773389,-10.3685426878961
"443",38860,"Portland-South Portland, ME",NA,1689205,11968,841,132008,1002212,0.508320919999654,0.777466440831207
"444",38900,"Portland-Vancouver-Hillsboro, OR-WA","bus",39295488,-3467597,-49947,-4094869,27274284,-1.39908528844371,0.442287425160974
"445",38900,"Portland-Vancouver-Hillsboro, OR-WA","other",47047425,332814,31736,-29043,3760541,-0.198750380060408,3.05129108334406
"446",38900,"Portland-Vancouver-Hillsboro, OR-WA","rail",26787124,4065165,280455,3156345,19876272,-0.168478667311208,0.463343538127622
"447",38940,"Port St. Lucie, FL","bus",294479,111317,1969,125449,191806,4.13365025164154,0.672817347851629
"448",38940,"Port St. Lucie, FL","other",833730,107033,5939,-28,20532,0.670498020745498,0.205004789926774
"449",39300,"Providence-Warwick, RI-MA","bus",13050918,1064648,80667,-96018,-2187794,-0.00926599518641247,-0.0966342809480725
"450",39300,"Providence-Warwick, RI-MA","other",13040415,-989454,-75696,-280413,221032,-0.0561685774103697,0.757776223977383
"451",39380,"Pueblo, CO","bus",499812,7449,2631,-42745,84397,-0.840450961324473,0.109541338897698
"452",39380,"Pueblo, CO","other",1024949,-6667,-1551,2738,51039,0.655952254764848,0.829513226786938
"453",39460,"Punta Gorda, FL","other",249938,145301,7203,24086,107770,0.848857207333602,0.694968066269921
"454",39540,"Racine, WI","bus",37303,-149421,-8686,-248857,251608,-0.484524582249687,0.314220750279529
"455",39540,"Racine, WI","other",1010625,51891,4363,15244,64777,0.0650486332417195,0.738188310024918
"456",39580,"Raleigh, NC","bus",7025271,1437029,109075,3364963,3950615,0.300233402418456,0.161669302390305
"457",39580,"Raleigh, NC","other",15613110,-194086,-7375,-114081,-92378,-2.59676914339185,-0.606365730864408
"458",39660,"Rapid City, SD","bus",101393,94978,4756,98574,106724,1.6363986317086,0.150558938968493
"459",39660,"Rapid City, SD","other",1137856,54823,6885,1742,45026,-0.918467883591614,0.495593074001704
"460",39740,"Reading, PA","bus",1713498,96783,-4911,434385,827015,1.19481926739451,0.15871225107461
"461",39740,"Reading, PA","other",2389688,287149,14725,70549,367749,1.07419250985573,0.904775805153252
"462",39820,"Redding, CA","bus",395604,-42517,-2570,63197,259571,-0.0686673039676649,0.290343902328008
"463",39820,"Redding, CA","other",2361023,-83488,-8432,-19018,8166,2.61508884166412,0.974090313868648
"464",39900,"Reno, NV","bus",3001815,-742789,-30952,-633597,-1019419,-1.4186650036843,-0.0639758503192288
"465",39900,"Reno, NV","other",7213603,-73082,-7166,-21984,114959,0.495019949668402,0.77217670280561
"466",40060,"Richmond, VA","bus",11856592,1188494,2008,-4966198,-2096192,2.42361609304742,0.248460101856604
"467",40060,"Richmond, VA","other",7863863,4573685,107458,415115,1190646,8.94139027848691,-0.0492702934292497
"468",40140,"Riverside-San Bernardino-Ontario, CA","bus",12951971,1600927,136077,3442096,6032978,-0.210362453861066,0.109803510595705
"469",40140,"Riverside-San Bernardino-Ontario, CA","other",28765174,1463417,96258,287143,2141985,-0.215615431292409,1.06996132598902
"470",40220,"Roanoke, VA","bus",821135,66098,5593,265166,540155,-0.134353149962974,0.151531245459906
"471",40220,"Roanoke, VA","other",1377522,151667,-6422,30044,88198,6.42127435388006,0.240122886067902
"472",40340,"Rochester, MN","bus",1050938,166000,10097,274240,497733,0.163566583642831,0.109874093987618
"473",40340,"Rochester, MN","other",657866,101437,5248,7569,48001,1.53525617700998,0.595462067954932
"474",40380,"Rochester, NY","bus",8253347,-525338,12698,4691752,12461260,-1.49514726410929,0.465910813313014
"475",40380,"Rochester, NY","other",6502001,-45294,22469,-8879,70811,-5.07049448601512,0.449414078292642
"476",40420,"Rockford, IL","bus",3429747,12053,5958,335891,307935,-0.707233597705567,0.0607438508110221
"477",40420,"Rockford, IL","other",2286288,280832,17409,4052,97805,0.916113567710545,0.879204892574476
"478",40660,"Rome, GA","bus",-100295,12850,-5128,494908,278680,2.42509618943744,-0.102847218138242
"479",40660,"Rome, GA","other",119407,16973,2020,4161,-57516,-0.981675469245145,-3.12865874181269
"480",40900,"Sacramento--Roseville--Arden-Arcade, CA","bus",8517720,-2131720,-138726,-2410289,2115599,-0.459617361600056,0.207258606885144
"481",40900,"Sacramento--Roseville--Arden-Arcade, CA","other",20682108,-2448469,-158656,-273105,323638,0.316496155825885,11.8833177965797
"482",40900,"Sacramento--Roseville--Arden-Arcade, CA","rail",-697257,2418748,136580,-2390396,1992211,-0.564800263067845,0.320115794578636
"483",40980,"Saginaw, MI","bus",567480,-34555,-11706,383558,242978,2.70744523021817,-0.012283957464871
"484",40980,"Saginaw, MI","other",1288598,-43764,-5518,307,20903,2.50926649621789,0.762640657799146
"485",41140,"St. Joseph, MO-KS","bus",609825,-34414,-6722,97210,159751,0.612015792249409,0.299098231949741
"486",41180,"St. Louis, MO-IL","bus",9552751,2276132,167601,-2461880,8347470,-0.0462138498519735,0.31802478573781
"487",41180,"St. Louis, MO-IL","other",19551531,-1593119,-65662,-410791,1232516,-0.728302179805546,2.2662199738791
"488",41180,"St. Louis, MO-IL","rail",17046114,3880616,172998,63499,5424218,-2.20774295596325,0.323112970114813
"489",41420,"Salem, OR","bus",-664471,-533528,-16129,-2180576,579712,-1.86461241392722,0.410152575912751
"490",41420,"Salem, OR","other",10219893,4633333,248856,339589,329939,3.07770422922876,-0.118104456960878
"491",41500,"Salinas, CA","bus",4561131,518874,30659,-711581,775773,0.312772271582928,0.396076978661502
"492",41500,"Salinas, CA","other",2978990,457473,41517,108077,78128,-3.55409596864247,-1.03618119838452
"493",41540,"Salisbury, MD-DE","bus",-650291,-221352,-17248,-281131,-20380,3.6017671101328,1.08295411704693
"494",41540,"Salisbury, MD-DE","other",356424,-413027,-14798,-5687,42286,-3.18950468192793,0.801063446977114
"495",41620,"Salt Lake City, UT","bus",36871529,2863845,292302,3003938,10545575,-2.24686201466734,0.354083047242986
"496",41620,"Salt Lake City, UT","other",22595378,-1599864,-104961,19206,4384593,2.78984967932303,2.40071799937893
"497",41620,"Salt Lake City, UT","rail",5882047,5452343,255055,4500706,12695757,6.79063130627428,0.531965522799818
"498",41660,"San Angelo, TX","bus",NA,NA,NA,NA,NA,NA,NA
"499",41660,"San Angelo, TX","other",NA,NA,NA,NA,NA,NA,NA
"500",41700,"San Antonio-New Braunfels, TX","bus",18505622,3161160,247433,-3525489,5141480,-0.119271192081275,0.171002417445309
"501",41700,"San Antonio-New Braunfels, TX","other",31002425,4787345,174348,427156,2844165,2.15710593634874,1.53914650343352
"502",41740,"San Diego-Carlsbad, CA","bus",53874962,7559084,777632,25472620,29741427,-1.0575710531028,0.0616881376766427
"503",41740,"San Diego-Carlsbad, CA","other",29365722,9449697,400142,1165516,7722837,-9.93709367500051,1.00764048787017
"504",41740,"San Diego-Carlsbad, CA","rail",NA,NA,NA,NA,NA,NA,NA
"505",41860,"San Francisco-Oakland-Hayward, CA","bus",133716433,809707,-65527,-1031571,96432873,0.355950807970547,0.466320067747654
"506",41860,"San Francisco-Oakland-Hayward, CA","other",47183223,932041,196253,347665,-345420,-2.99989255825452,-1.53780239065051
"507",41860,"San Francisco-Oakland-Hayward, CA","rail",113810384,58190448,1607451,36403226,222371062,12.6296691311977,0.834585488524731
"508",41860,"San Francisco-Oakland-Hayward, CA",NA,4893433,3032,268,670522,10050166,-0.0392137346364088,2.77851698989929
"509",41940,"San Jose-Sunnyvale-Santa Clara, CA","bus",5309015,-915059,36358,2599110,3496680,-0.924644048278449,0.0313874547555771
"510",41940,"San Jose-Sunnyvale-Santa Clara, CA","other",36978947,-56674,-125928,-229609,531972,5.50054816555756,1.4309360128723
"511",41940,"San Jose-Sunnyvale-Santa Clara, CA","rail",4201731,1526442,92220,3061400,2804776,0.486961520969038,0.0109836314275162
"512",42020,"San Luis Obispo-Paso Robles-Arroyo Grande, CA","bus",3850807,1338121,52716,1241566,1629061,8.91743335764895,0.474047273225969
"513",42020,"San Luis Obispo-Paso Robles-Arroyo Grande, CA","other",NA,NA,NA,NA,NA,NA,NA
"514",42100,"Santa Cruz-Watsonville, CA","bus",4601678,-245146,6405,559653,1766837,-1.68758161420017,0.207395871946149
"515",42100,"Santa Cruz-Watsonville, CA","other",5321482,-35669,2922,6215,93102,-1.56916962415059,0.841590530999702
"516",42140,"Santa Fe, NM","bus",-144920,61912,14763,494544,101541,-1.58559713355949,-0.0695614541190416
"517",42140,"Santa Fe, NM","other",385369,-58299,332,-29639,-47151,-2.62559839373809,0.105177520972844
"518",42200,"Santa Maria-Santa Barbara, CA","bus",5488792,30105,25972,-207093,1082086,-1.22683473160568,0.15106544668994
"519",42200,"Santa Maria-Santa Barbara, CA","other",2176904,-279823,-21667,-38597,-89706,1.09259195087861,-0.783759198000884
"520",42220,"Santa Rosa, CA","bus",4926608,-78201,15056,-122613,857037,-1.66350428357063,0.253395085341042
"521",42220,"Santa Rosa, CA","other",5224019,100590,7614,37414,175928,-0.0557349970161436,0.695718639084532
"522",42340,"Savannah, GA","bus",1549607,-149288,-6714,71372,-435549,-0.326653688222324,-0.138016590995583
"523",42340,"Savannah, GA","other",682807,333173,15962,14732,61141,2.34360910707777,0.577241686511382
"524",42340,"Savannah, GA",NA,115992,-1055,-3864,358222,0,0.760424757248793,0
"525",42540,"Scranton--Wilkes-Barre--Hazleton, PA","bus",1611462,205798,7325,-2225449,776231,0.701309881837856,0.664943510123992
"526",42540,"Scranton--Wilkes-Barre--Hazleton, PA","other",620486,1283631,97133,237815,743109,-4.14403272378189,0.721842475745286
"527",42660,"Seattle-Tacoma-Bellevue, WA","bus",143141683,-11902706,-467104,4662528,70830925,-1.4115497008233,0.470129480985312
"528",42660,"Seattle-Tacoma-Bellevue, WA","other",92556011,3813111,218676,1017741,3636975,-0.615385580110882,0.248312668144113
"529",42660,"Seattle-Tacoma-Bellevue, WA","rail",31052954,2623042,135868,10644858,36405672,9.01189411241429,3.1553491273158
"530",42660,"Seattle-Tacoma-Bellevue, WA",NA,37380594,23681,3334,120397,8997743,-0.00318089491878393,0.362268013419728
"531",42680,"Sebastian-Vero Beach, FL","bus",308704,1089876,45253,1095753,-7245,8.88756112803792,-0.0220004129822175
"532",42680,"Sebastian-Vero Beach, FL","other",4052,-223275,-27887,-54996,-9699,4.14995661740439,0.39260401352105
"533",43100,"Sheboygan, WI","bus",-485310,-63001,-5086,-13502,-56793,0.215544694440766,-0.0824384745085467
"534",43100,"Sheboygan, WI","other",976915,32217,4168,1310,191584,-1.90118704485983,5.30390796527993
"535",43340,"Shreveport-Bossier City, LA","bus",1715189,88897,-4606,-339983,136777,1.0828728586135,0.128714251242319
"536",43340,"Shreveport-Bossier City, LA","other",166564,164671,6062,20693,63949,2.11903326897431,0.382013005010152
"537",43580,"Sioux City, IA-NE-SD","bus",1014407,96617,8549,288540,229582,-0.60517789006443,0.0299463707896032
"538",43580,"Sioux City, IA-NE-SD","other",503459,10188,-3332,-18883,-65115,2.81079981883327,-0.0643035865420734
"539",43620,"Sioux Falls, SD","bus",378580,62730,11519,81654,124760,-1.3247786346348,0.0947351690537327
"540",43620,"Sioux Falls, SD","other",3575402,14419,1822,-5720,-54708,-0.160011577199219,-0.346928840740662
"541",43780,"South Bend-Mishawaka, IN-MI","bus",386595,-268585,-19353,-1257505,99914,0.108282731249233,0.263618352406636
"542",43780,"South Bend-Mishawaka, IN-MI","other",1469947,-10214,1149,-74199,-292943,-0.758826903306536,-0.934568694201903
"543",43900,"Spartanburg, SC","bus",374286,4681,-154,-84263,-192823,0.312353967426755,-0.355748209017732
"544",44060,"Spokane-Spokane Valley, WA","bus",6322156,-90063,-6561,2407058,2186735,0.00185693767452122,0.0486298040985729
"545",44060,"Spokane-Spokane Valley, WA","other",13481855,447418,10053,25234,697546,1.41432446810454,0.991125732522132
"546",44100,"Springfield, IL","bus",2130528,264763,18151,540465,493412,0.317095912843435,0.133200484991134
"547",44100,"Springfield, IL","other",2095448,74782,4998,22440,108355,0.435377421302626,0.926391898180432
"548",44140,"Springfield, MA","bus",5198544,775714,53416,2690405,2251729,0.190700087130384,0.0733617459840334
"549",44140,"Springfield, MA","other",5445184,398379,-7053,-63315,184130,2.65407332297596,0.888124352684299
"550",44180,"Springfield, MO","bus",547660,11178,1030,-252617,416138,-0.0461484112815516,0.334329794620431
"551",44180,"Springfield, MO","other",786344,6532,759,1420,7425,-0.589185444574492,0.304280993802823
"552",44220,"Springfield, OH","bus",32665,-7564,-911,-143303,22939,0.24960475724612,0.277485941042873
"553",44220,"Springfield, OH","other",440726,-12902,-1936,-4046,-38251,6.19501310871869,-3.82777944561193
"554",44300,"State College, PA","bus",2435150,720194,39206,1229278,3955218,2.25335364328007,0.444140427090013
"555",44300,"State College, PA","other",412581,1363638,41054,245701,437412,11.6028240961416,-0.689099779673681
"556",44700,"Stockton-Lodi, CA","bus",4609995,-396097,-43896,766688,3656539,1.16942403482218,0.4346384147675
"557",44700,"Stockton-Lodi, CA","other",4416879,-650820,-68564,-137563,-243879,0.177249517061709,0.0492975573211898
"558",44940,"Sumter, SC","bus",349047,-272689,-7433,-107873,-209625,-6.19683130637985,-0.845458134987734
"559",44940,"Sumter, SC","other",3313538,53795,3223,12774,-83558,-0.937433315183402,-3.47782418553697
"560",45060,"Syracuse, NY","bus",9291933,-640257,-25198,348670,13351069,-0.756138960620506,1.12063332712799
"561",45060,"Syracuse, NY","other",6732710,163678,9981,33749,-7211138,0.581127997503092,-54.2628221101482
"562",45220,"Tallahassee, FL","bus",981616,265498,60004,-600936,2472118,-2.13500485493835,0.766316263751103
"563",45220,"Tallahassee, FL","other",2347362,134884,6591,28566,48555,1.51905430986671,-0.254695666556132
"564",45300,"Tampa-St. Petersburg-Clearwater, FL","bus",24123348,2047463,154283,6370936,10475796,-0.0510205504582615,0.185404063924849
"565",45300,"Tampa-St. Petersburg-Clearwater, FL","other",10836204,-1986029,-32366,-126094,58387,-6.64201520446297,0.915695162131021
"566",45300,"Tampa-St. Petersburg-Clearwater, FL","rail",667075,-87496,-18016,-520270,-539845,NA,NA
"567",45460,"Terre Haute, IN","bus",939001,163651,6897,213796,100513,2.87061254822761,-0.0260917775528786
"568",45460,"Terre Haute, IN","other",229199,-50388,-156,-2155,5030,-4.44178714381822,0.500434625113909
"569",45780,"Toledo, OH","bus",-304591,-562185,26358,-3372125,-560986,-3.41907705941553,0.895756414512687
"570",45780,"Toledo, OH","other",3935876,1078798,56333,213920,1330280,2.05524437037836,2.89910198155856
"571",45820,"Topeka, KS","bus",1387457,-117618,-8450,-226970,459426,0.132821728094116,0.471428676525734
"572",45820,"Topeka, KS","other",2250706,-235070,-17113,-66977,-86339,-0.370589601206037,1.50114325023996
"573",46060,"Tucson, AZ","bus",8052562,1246223,120291,2271502,3876163,-0.430025741629887,0.142045936819981
"574",46060,"Tucson, AZ","other",13913213,743228,33445,125148,361598,1.2193718323889,0.449378039975771
"575",46140,"Tulsa, OK","bus",1314813,176323,13117,534994,1103750,-0.125880945710966,0.247386441830925
"576",46140,"Tulsa, OK","other",5771903,-576057,-29986,-83893,-82674,-0.667183583581185,0.6988784823283
"577",46220,"Tuscaloosa, AL","bus",-13655,62937,-3616,177715,-184617,5.45867487257182,-1.48903890824623
"578",46220,"Tuscaloosa, AL","other",327347,115,183,-2798,-88545,-0.235847734170843,-5.01955782312925
"579",46520,"Urban Honolulu, HI","bus",27143418,-257113,16473,-1057142,13533367,-0.351240227877605,0.204207702457972
"580",46520,"Urban Honolulu, HI","other",37273980,1654403,102771,234949,134392,0.436093967061325,-0.312763632759109
"581",46520,"Urban Honolulu, HI",NA,NA,NA,NA,NA,NA,NA,NA
"582",46700,"Vallejo-Fairfield, CA","bus",2935593,-293207,-8363,-103186,-180443,-2.93492014103902,-0.0947152612579305
"583",46700,"Vallejo-Fairfield, CA","other",1998101,-55172,-5375,-6712,29470,1.6915457565544,1.7597488526448
"584",47020,"Victoria, TX","bus",427176,200109,9508,54620,-46636,2.50336129251084,-0.261446262690818
"585",47020,"Victoria, TX","other",2024571,330200,18218,26363,-6939,4.56080579318661,-0.332454963587581
"586",47260,"Virginia Beach-Norfolk-Newport News, VA-NC","bus",14970973,-166378,12782,-6500588,581531,-0.391015140358652,0.274218991835079
"587",47260,"Virginia Beach-Norfolk-Newport News, VA-NC","other",10283606,964153,58251,18810,576039,-0.294490353110763,1.26652578509965
"588",47260,"Virginia Beach-Norfolk-Newport News, VA-NC",NA,177397,6770,487,-58357,52524,0.877745632007272,0.348234238599515
"589",47300,"Visalia-Porterville, CA","bus",2512784,908342,57911,456547,771540,0.803719254206857,0.25200837041562
"590",47300,"Visalia-Porterville, CA","other",1275330,-170271,-13311,-46866,8037,1.40295976471714,1.98563915688406
"591",47380,"Waco, TX","bus",379101,169469,11532,458921,805020,-0.184396544045779,0.484248727659017
"592",47380,"Waco, TX","other",816568,123402,3724,9850,52063,4.56057978701885,0.900507542873829
"593",47900,"Washington-Arlington-Alexandria, DC-VA-MD-WV","bus",119125727,5520827,850626,5338817,75930296,-0.695851055358577,0.372805068410041
"594",47900,"Washington-Arlington-Alexandria, DC-VA-MD-WV","other",141326014,6111743,801377,686980,5469593,-1.77805945281968,1.45283512831537
"595",47900,"Washington-Arlington-Alexandria, DC-VA-MD-WV","rail",162284215,72630614,2914208,-4605127,228416994,-0.309724643189099,0.870205907746257
"596",47940,"Waterloo-Cedar Falls, IA","bus",229143,1886,-2908,70078,-374257,1.48328439860398,-1.04884720046409
"597",47940,"Waterloo-Cedar Falls, IA","other",193799,-54581,3127,-17783,-354344,-4.02942822858957,-4.05985334555454
"598",48140,"Wausau, WI","bus",122058,-212849,-14072,-280371,-388623,-0.420464836501894,-0.453249593254142
"599",48140,"Wausau, WI","other",337241,-189113,-12468,-22351,-112284,-3.33671352950194,-4.51756185878093
"600",48300,"Wenatchee, WA","bus",2154090,336015,10020,202844,299300,1.78313606183456,0.21548618915742
"601",48300,"Wenatchee, WA","other",1973280,-147664,-5126,-31056,-22430,-3.54013126067515,-0.0334900020793355
"602",48540,"Wheeling, WV-OH","bus",4780,49928,-817,-72337,98555,1.08919189829802,0.348405818274212
"603",48540,"Wheeling, WV-OH","other",271096,-4820,-162,-812,1736,-1.16698166454716,0.766464503346677
"604",48620,"Wichita, KS","bus",920484,230817,15440,-91651,636824,-0.0867897465094494,0.365105120349296
"605",48620,"Wichita, KS","other",5806998,-871469,-52622,-88862,44527,3.043475851705,0.958057712523125
"606",48700,"Williamsport, PA","bus",1067746,73024,8158,71750,76058,-1.05136286834675,0.0280455234022261
"607",48700,"Williamsport, PA","other",17240,-11684,-582,-1827,-7299,-0.172437519772224,0.0152284263959395
"608",48900,"Wilmington, NC","bus",1117551,26239,-2010,65552,712157,0.612946494099516,0.461883781858844
"609",48900,"Wilmington, NC","other",2458251,425755,22225,56095,673849,2.13731134844292,9.27402818490759
"610",49180,"Winston-Salem, NC","bus",924664,103841,12382,378658,117660,-0.338011453741434,-0.0302569627127902
"611",49180,"Winston-Salem, NC","other",1236495,282913,23362,71432,-185224,-0.952600137141754,-3.28472950751782
"612",49340,"Worcester, MA-CT","bus",2187164,153851,490,729819,1007172,0.711564403409461,0.0967103698998839
"613",49340,"Worcester, MA-CT","other",5088657,300218,-11870,-79263,3000519,2.14832192088702,5.7188730357243
"614",49420,"Yakima, WA","bus",582965,-53987,-2731,-80395,511642,-0.301238859001856,0.485495002328066
"615",49420,"Yakima, WA","other",335343,165862,9979,14634,188457,-0.505547647334872,1.17610804481244
"616",49620,"York-Hanover, PA","bus",2135330,113127,11771,69940,-335949,-0.270132292702224,-0.266092209112843
"617",49620,"York-Hanover, PA","other",2083989,1023568,48101,88740,3038580,2.29929067060498,6.78648288070972
"618",49660,"Youngstown-Warren-Boardman, OH-PA","bus",-854896,31310,-15601,-40103,-4842,2.30252824191376,0.0122647598977252
"619",49660,"Youngstown-Warren-Boardman, OH-PA","other",767622,359739,27595,23361,189927,-0.883159428635663,1.18033222363657
"620",49700,"Yuba City, CA","bus",1206339,-163441,4628,394930,-37459,-4.87161391702698,-0.410430393671004
"621",49700,"Yuba City, CA","other",-77711,69159,6054,4480,27915,-0.467483248590092,0.277980335903381
"622",NA,NA,"bus",-5141807,-46118795,-3547442,-110268613,-103901244,-1.26686799469298,0.049342581561846
"623",NA,NA,"other",-110051819,-84753503,-5873313,-22596131,-27799597,-1.40800978551196,0.145748951659421
"624",NA,NA,"rail",-35410107,-2089029,-124079,-31767559,-26515903,0.914539724109844,0.254420221511768
"625",NA,NA,NA,-39778368,-953529,-61974,-9725364,-41020718,-3.10628572370164,-2.6789502415107
