GEO.id,GEO.id2,GEO.display-label,HC01_EST_VC02,HC01_MOE_VC09,HC01_EST_VC10,HC01_EST_VC11,HC01_EST_VC12,HC01_EST_VC13,HC01_EST_VC14,HC01_EST_VC15,HC01_EST_VC65,HC01_EST_VC66,HC01_EST_VC67,HC01_EST_VC68
Id,Id2,Geography,Number; Estimate; HOUSING OCCUPANCY - Total housing units,"Number; Margin of Error; UNITS IN STRUCTURE - 1-unit, detached","Number; Estimate; UNITS IN STRUCTURE - 1-unit, attached",Number; Estimate; UNITS IN STRUCTURE - 2 units,Number; Estimate; UNITS IN STRUCTURE - 3 or 4 units,Number; Estimate; UNITS IN STRUCTURE - 5 to 9 units,Number; Estimate; UNITS IN STRUCTURE - 10 to 19 units,Number; Estimate; UNITS IN STRUCTURE - 20 or more units,Number; Estimate; VEHICLES AVAILABLE - Occupied housing units - No vehicles available,Number; Estimate; VEHICLES AVAILABLE - Occupied housing units - 1 vehicle available,Number; Estimate; VEHICLES AVAILABLE - Occupied housing units - 2 vehicles available,Number; Estimate; VEHICLES AVAILABLE - Occupied housing units - 3 or more vehicles available
3100000US10140,10140,"Aberdeen, WA Micro Area",34686,1408,534,1044,1752,1231,313,1063,2230,8413,11873,6528
3100000US10180,10180,"Abilene, TX Metro Area",67658,1781,2266,1320,1235,3170,2480,1584,2164,22931,24732,10133
3100000US10300,10300,"Adrian, MI Micro Area",43017,1536,993,1142,1103,1126,647,1133,2249,10965,14971,8999
3100000US10420,10420,"Akron, OH Metro Area",308993,3850,16840,13617,12141,14276,12255,18456,19035,100229,108332,54135
3100000US10500,10500,"Albany, GA Metro Area",69603,2320,1398,5400,4565,4284,1042,767,6073,23282,18448,13090
3100000US10540,10540,"Albany-Lebanon, OR Micro Area",47556,1772,1127,2300,2398,1422,525,1123,2462,12223,17132,10752
3100000US10580,10580,"Albany-Schenectady-Troy, NY Metro Area",381428,4456,14399,51691,28918,19678,12617,20376,29909,120124,136120,51576
3100000US10700,10700,"Albertville, AL Micro Area",38335,1485,393,749,827,1494,207,93,2386,9282,11958,8893
3100000US10740,10740,"Albuquerque, NM Metro Area",363346,4842,17381,5581,19075,15244,10177,24191,20772,113448,128920,68231
3100000US10780,10780,"Alexandria, LA Metro Area",65578,1702,681,3261,1624,1251,1125,621,4444,18815,21877,10308
3100000US10880,10880,"Allegan, MI Micro Area",48602,1439,1570,619,689,1306,984,1093,1598,12011,17922,10117
3100000US10900,10900,"Allentown-Bethlehem-Easton, PA-NJ Metro Area",335169,4019,68332,13560,15085,11414,12141,11950,23584,94044,126564,67017
3100000US11020,11020,"Altoona, PA Metro Area",56255,1529,1337,3672,2464,1742,831,2251,4578,19073,18227,8976
3100000US11100,11100,"Amarillo, TX Metro Area",99256,2159,2688,2627,1991,3278,3953,7003,4822,30035,33590,19652
3100000US11180,11180,"Ames, IA Metro Area",34460,1092,1683,1802,961,1936,3275,5054,2247,9575,14688,6259
3100000US11260,11260,"Anchorage, AK Metro Area",140719,2377,15448,7138,14133,9716,4217,8858,5825,39037,53901,27363
3100000US11300,11300,"Anderson, IN Metro Area",59489,1579,1534,2456,1672,1551,1373,1332,4367,17623,19975,9794
3100000US11340,11340,"Anderson, SC Metro Area",83292,2302,787,2050,1332,2590,1257,841,3750,22253,27041,18684
3100000US11460,11460,"Ann Arbor, MI Metro Area",147525,2954,7618,3911,6715,15550,12670,10660,8686,49191,54318,22602
3100000US11500,11500,"Anniston-Oxford, AL Metro Area",53551,1754,931,1663,2149,1962,993,1300,2651,13838,18729,11422
3100000US11540,11540,"Appleton, WI Metro Area",90523,1730,3295,8341,1268,4082,2772,3883,3341,25584,38593,19049
3100000US11700,11700,"Asheville, NC Metro Area",202053,3862,6444,5568,6886,5525,3541,5315,10255,59401,64880,41602
3100000US11780,11780,"Ashtabula, OH Micro Area",45635,1497,957,1582,1710,1418,1419,1293,3175,11113,15272,8629
3100000US11980,11980,"Athens, TX Micro Area",38338,1622,602,597,1038,1015,0,152,1843,11129,11760,6128
3100000US12020,12020,"Athens-Clarke County, GA Metro Area",83006,2122,1767,4886,4511,5250,4273,5152,3863,20447,23514,19027
3100000US12060,12060,"Atlanta-Sandy Springs-Marietta, GA Metro Area",2153490,11636,107833,38579,49536,119029,159847,156135,110893,633563,746794,400743
3100000US12100,12100,"Atlantic City-Hammonton, NJ Metro Area",127253,2704,9285,6807,5556,8264,4849,15084,13561,36814,36750,13951
3100000US12180,12180,"Auburn, NY Micro Area",35869,1263,109,3772,1720,1472,549,1136,2347,10382,13773,4586
3100000US12220,12220,"Auburn-Opelika, AL Metro Area",62415,1538,1555,3106,1725,2505,3612,3556,2207,20475,20395,12909
3100000US12260,12260,"Augusta-Richmond County, GA-SC Metro Area",228014,3741,7763,4331,9941,11490,4927,4241,13843,66058,74846,43036
3100000US12300,12300,"Augusta-Waterville, ME Micro Area",60246,1717,555,4196,3527,3603,706,1302,4369,16731,18819,8940
3100000US12420,12420,"Austin-Round Rock, TX Metro Area",658422,6738,20801,21309,22263,32182,53618,74020,34847,209062,253095,106676
3100000US12540,12540,"Bakersfield, CA Metro Area",272536,4287,6862,9143,20339,12048,4138,7279,17802,73553,96547,56284
3100000US12580,12580,"Baltimore-Towson, MD Metro Area",1110289,6239,324499,24360,29806,59747,91634,67799,109265,325202,368924,201992
3100000US12620,12620,"Bangor, ME Metro Area",70988,2056,950,3421,4961,3812,1495,1354,4241,18784,25934,12504
3100000US12700,12700,"Barnstable Town, MA Metro Area",156141,2666,4428,5053,5439,3428,2565,3472,4512,35947,38432,14136
3100000US12940,12940,"Baton Rouge, LA Metro Area",327140,4489,5334,7836,15532,12427,13546,16720,20005,104282,116577,52751
3100000US12980,12980,"Battle Creek, MI Metro Area",60755,1384,930,1519,2056,1880,3759,4286,4596,19276,20426,8326
3100000US13020,13020,"Bay City, MI Metro Area",48201,1569,974,2970,1111,2070,978,1543,3238,13017,18171,8918
3100000US13140,13140,"Beaumont-Port Arthur, TX Metro Area",164861,4371,2622,2693,3359,8062,4532,5941,9884,50693,60330,25792
3100000US13180,13180,"Beaver Dam, WI Micro Area",36779,1373,1218,2482,1576,1375,1423,1176,1137,11324,14280,7820
3100000US13220,13220,"Beckley, WV Micro Area",37057,1725,525,548,607,1494,120,1097,3592,10884,12977,4941
3100000US13380,13380,"Bellingham, WA Metro Area",87576,2608,2152,4147,3341,3871,4909,7222,5391,24690,28509,17441
3100000US13460,13460,"Bend, OR Metro Area",77892,2202,3008,1725,2478,2657,736,2525,2351,18191,26182,16659
3100000US13740,13740,"Billings, MT Metro Area",64756,1906,2717,2297,2592,2929,1173,2634,3445,16990,24565,15295
3100000US13780,13780,"Binghamton, NY Metro Area",110559,2506,2306,11463,7422,6870,2322,3706,10192,33814,36866,17376
3100000US13820,13820,"Birmingham-Hoover, AL Metro Area",504341,5322,13820,8109,12501,22263,27393,23372,28224,134454,164804,104607
3100000US13900,13900,"Bismarck, ND Metro Area",45615,1263,2841,1834,1426,2842,1946,3752,1379,12458,16076,12360
3100000US13980,13980,"Blacksburg-Christiansburg-Radford, VA Metro Area",69099,1895,4123,1830,1846,4518,6538,1370,3988,18085,23829,16389
3100000US14020,14020,"Bloomington, IN Metro Area",83747,2032,3976,2036,3261,4646,4476,4924,6608,25748,26629,15820
3100000US14060,14060,"Bloomington-Normal, IL Metro Area",68413,1710,4852,1424,3377,4206,6033,4606,3754,21511,26246,11295
3100000US14100,14100,"Bloomsburg-Berwick, PA Micro Area",36921,1274,1667,2308,1437,1446,529,637,2796,9261,14110,6373
3100000US14140,14140,"Bluefield, WV-VA Micro Area",51037,2034,575,483,1088,2360,480,1038,4114,14201,16830,7888
3100000US14260,14260,"Boise City-Nampa, ID Metro Area",239505,3801,11295,6078,10556,6908,6957,6072,8397,61109,95327,55564
3100000US14460,14460,"Boston-Cambridge-Quincy, MA-NH Metro Area",1831496,8130,100731,211505,191438,115256,90702,212031,217792,601585,633951,253841
3100000US14500,14500,"Boulder, CO Metro Area",124079,2538,10238,2187,4277,8655,8035,11443,4683,39984,49708,24059
3100000US14540,14540,"Bowling Green, KY Metro Area",51889,1780,663,1924,3258,2847,1993,1739,2513,17353,18192,9077
3100000US14580,14580,"Bozeman, MT Micro Area",39399,1650,2265,1657,4053,1435,1736,656,1751,8542,13665,10263
3100000US14600,14600,"Bradenton-Sarasota-Venice, FL Metro Area",391571,4660,24840,13143,10570,19416,21973,33011,16102,136374,108254,33107
3100000US14660,14660,"Brainerd, MN Micro Area",65967,985,1695,1173,539,894,661,1844,1756,11235,17296,9908
3100000US14700,14700,"Branson, MO Micro Area",42296,1735,919,958,746,2330,3560,1066,664,8691,15603,5229
3100000US14740,14740,"Bremerton-Silverdale, WA Metro Area",102028,2393,3626,3432,2596,3944,5238,5508,5030,27310,35614,25445
3100000US14860,14860,"Bridgeport-Stamford-Norwalk, CT Metro Area",352042,3849,20485,30699,28263,20219,12624,30836,27146,98451,127201,71189
3100000US15180,15180,"Brownsville-Harlingen, TX Metro Area",145640,2879,3878,5241,6583,10523,3838,5694,12757,44808,41737,18257
3100000US15260,15260,"Brunswick, GA Metro Area",51066,2091,1434,942,1081,3290,1048,1657,2736,12430,14386,8434
3100000US15380,15380,"Buffalo-Niagara Falls, NY Metro Area",521366,4927,15665,100234,31325,25037,11016,23097,58999,175852,171774,64920
3100000US15500,15500,"Burlington, NC Metro Area",65197,2442,1345,1747,2467,3612,1771,1457,4439,18304,22820,14319
3100000US15540,15540,"Burlington-South Burlington, VT Metro Area",89374,1893,5955,6712,5499,4645,2352,4241,4247,27279,35761,14490
3100000US15940,15940,"Canton-Massillon, OH Metro Area",177593,2892,9062,10488,6575,6579,5054,4062,11913,53372,61555,35126
3100000US15980,15980,"Cape Coral-Fort Myers, FL Metro Area",364948,5149,24411,9264,15620,17934,25817,35669,13872,108310,93443,28298
3100000US16020,16020,"Cape Girardeau-Jackson, MO-IL Micro Area",41434,1404,711,1312,1366,2101,2587,500,2697,11970,13900,8479
3100000US16220,16220,"Casper, WY Metro Area",31772,1152,720,692,1282,394,752,1604,1599,7896,10770,7915
3100000US16300,16300,"Cedar Rapids, IA Metro Area",111823,1948,3344,3062,6585,5397,5454,4875,6539,31839,40630,25103
3100000US16500,16500,"Centralia, WA Micro Area",32015,1322,199,528,782,522,1088,1071,901,7221,9174,9743
3100000US16540,16540,"Chambersburg, PA Micro Area",60559,1800,5142,2473,2676,2596,1084,703,2975,17233,22615,14267
3100000US16580,16580,"Champaign-Urbana, IL Metro Area",98907,2165,4496,2691,4674,7672,7816,10785,9866,33011,32075,14561
3100000US16620,16620,"Charleston, WV Metro Area",144590,2947,3447,4331,5192,3765,1847,4907,12684,47300,47500,20783
3100000US16700,16700,"Charleston-North Charleston-Summerville, SC Metro Area",288338,4307,11634,7716,13929,21375,12579,9816,17720,81101,94645,43538
3100000US16740,16740,"Charlotte-Gastonia-Concord, NC-SC Metro Area",729678,6686,38380,12422,18101,37317,45764,42035,37170,220658,266160,137404
3100000US16820,16820,"Charlottesville, VA Metro Area",87111,2240,4520,3369,1564,3358,5495,5414,4629,24220,28660,18883
3100000US16860,16860,"Chattanooga, TN-GA Metro Area",230888,3909,5098,12959,4609,8398,7693,9008,13525,63226,77775,48800
3100000US16940,16940,"Cheyenne, WY Metro Area",38039,1487,2642,1188,3084,772,614,973,1200,11018,10571,10236
3100000US16980,16980,"Chicago-Naperville-Joliet, IL-IN-WI Metro Area",3777754,12017,272701,280653,298681,280470,181105,455274,398032,1207104,1247412,569342
3100000US17020,17020,"Chico, CA Metro Area",95492,2542,3197,3824,6950,3733,1974,4541,6123,26655,32482,21178
3100000US17060,17060,"Chillicothe, OH Micro Area",30138,1373,1202,875,1109,620,271,579,1061,6750,10755,7492
3100000US17140,17140,"Cincinnati-Middletown, OH-KY-IN Metro Area",914677,7113,37818,39014,40570,53797,67297,42800,69216,252522,315053,177817
3100000US17220,17220,"Clarksburg, WV Micro Area",43279,1601,892,2016,886,562,430,899,4237,13149,14821,5794
3100000US17300,17300,"Clarksville, TN-KY Metro Area",111684,2255,2864,3273,4534,6272,2108,2615,6465,29949,40417,20362
3100000US17340,17340,"Clearlake, CA Micro Area",35244,1635,762,144,412,819,84,711,1683,7851,7719,7206
3100000US17420,17420,"Cleveland, TN Metro Area",50135,2117,593,2171,1674,2540,1078,669,1380,13128,18019,11458
3100000US17460,17460,"Cleveland-Elyria-Mentor, OH Metro Area",946073,6036,56750,68570,30345,35374,37787,89324,87346,303226,303938,142648
3100000US17660,17660,"Coeur d'Alene, ID Metro Area",60180,1528,1349,2440,2339,2125,791,2101,1484,13203,21594,16779
3100000US17780,17780,"College Station-Bryan, TX Metro Area",87297,2732,2571,4349,7501,5977,6671,4930,5384,26970,28100,14949
3100000US17820,17820,"Colorado Springs, CO Metro Area",258747,3926,21527,2991,10605,8972,12051,19379,11622,66447,103056,48429
3100000US17860,17860,"Columbia, MO Metro Area",74868,2066,5068,6473,4011,5122,3310,2754,4228,21310,27385,14100
3100000US17900,17900,"Columbia, SC Metro Area",315991,3908,7686,6242,8926,16122,9300,14017,17963,88332,110709,62987
3100000US17940,17940,"Columbia, TN Micro Area",36040,1865,682,1403,408,1693,1570,273,1150,11392,13962,6781
3100000US17980,17980,"Columbus, GA-AL Metro Area",129860,2806,2577,4238,4355,9727,5719,4821,12252,41831,35432,21574
3100000US18020,18020,"Columbus, IN Metro Area",31538,986,768,699,660,1252,399,1006,1588,8707,10333,8988
3100000US18140,18140,"Columbus, OH Metro Area",777683,6553,64518,22131,54121,58056,34851,43120,48398,238583,270378,132780
3100000US18180,18180,"Concord, NH Micro Area",61999,1567,1466,3387,3049,4580,2053,2687,2444,15678,24089,14483
3100000US18260,18260,"Cookeville, TN Micro Area",46020,1820,602,501,2232,2669,1037,364,1792,11918,15047,10135
3100000US18300,18300,"Coos Bay, OR Micro Area",31281,1718,446,1101,382,781,470,1066,2108,9663,11048,5392
3100000US18500,18500,"Corning, NY Micro Area",46807,1293,303,3602,2334,1621,590,987,2840,13286,14618,7636
3100000US18580,18580,"Corpus Christi, TX Metro Area",177898,3065,5375,4423,7634,12448,7256,8428,12066,50901,59420,28141
3100000US18700,18700,"Corvallis, OR Metro Area",35490,1335,1245,1098,2344,1997,2259,3809,2222,11015,13265,7416
3100000US18980,18980,"Cullman, AL Micro Area",36448,1513,136,842,217,1246,628,667,1560,7962,12964,8228
3100000US19060,19060,"Cumberland, MD-WV Metro Area",46340,1388,2685,3183,1400,1825,1164,1989,3303,13144,14699,7983
3100000US19100,19100,"Dallas-Fort Worth-Arlington, TX Metro Area",2404770,11779,66594,34783,76233,176479,198793,211072,107667,752918,911541,410329
3100000US19140,19140,"Dalton, GA Metro Area",51676,1668,1075,1455,1943,1539,797,988,2403,17916,17515,9727
3100000US19180,19180,"Danville, IL Metro Area",36694,1611,290,723,708,920,1068,1239,3356,11095,11689,6911
3100000US19260,19260,"Danville, VA Metro Area",52475,1860,393,611,1231,1347,1581,1012,5322,15411,13135,11706
3100000US19300,19300,"Daphne-Fairhope-Foley, AL Micro Area",103804,3096,1074,2063,3086,4364,2520,14686,1805,21439,30352,15330
3100000US19340,19340,"Davenport-Moline-Rock Island, IA-IL Metro Area",166158,2684,6993,4790,4634,7650,6522,7821,10561,52308,62053,30489
3100000US19380,19380,"Dayton, OH Metro Area",382137,4193,18600,16384,24672,25237,13646,15764,25893,113826,130164,69075
3100000US19460,19460,"Decatur, AL Metro Area",65834,2049,2431,987,2157,2358,982,1743,3708,15535,22911,17165
3100000US19500,19500,"Decatur, IL Metro Area",52107,1604,623,845,1200,2958,2632,1674,3839,16436,18015,7669
3100000US19660,19660,"Deltona-Daytona Beach-Ormond Beach, FL Metro Area",248272,3489,10968,3740,5292,7802,8823,24632,11593,82471,74804,31068
3100000US19740,19740,"Denver-Aurora, CO Metro Area",1056319,6998,80663,12454,32379,57796,82424,128901,69066,321209,376386,201439
3100000US19780,19780,"Des Moines-West Des Moines, IA Metro Area",234650,3016,19239,3696,4344,9848,11658,21216,11391,67093,92725,46625
3100000US19820,19820,"Detroit-Warren-Livonia, MI Metro Area",1899915,10092,133386,58204,49670,99714,68152,117772,135812,596359,623179,298702
3100000US20020,20020,"Dothan, AL Metro Area",64245,1580,946,1615,2474,2295,342,630,3524,17681,20384,11555
3100000US20100,20100,"Dover, DE Metro Area",62886,1542,5098,445,984,1010,3152,1781,2822,17653,24826,12137
3100000US20180,20180,"DuBois, PA Micro Area",38766,1454,594,955,1091,1165,143,799,2333,10751,13147,6162
3100000US20220,20220,"Dubuque, IA Metro Area",38864,1353,1382,1422,2482,1417,1062,1798,2917,11248,15340,7268
3100000US20260,20260,"Duluth, MN-WI Metro Area",139419,2601,2577,6479,4490,2940,3540,9124,11513,37823,41434,27567
3100000US20380,20380,"Dunn, NC Micro Area",46139,1569,806,1059,1530,648,280,337,1845,10550,16465,11881
3100000US20500,20500,"Durham, NC Metro Area",216221,3943,13199,7662,6640,12991,18932,13593,14849,65256,73538,40714
3100000US20620,20620,"East Liverpool-Salem, OH Micro Area",46817,1605,996,1974,1675,1283,521,612,2367,13428,15670,10195
3100000US20700,20700,"East Stroudsburg, PA Micro Area",79281,1658,2969,2178,1786,1218,682,782,1442,17961,25489,15894
3100000US20740,20740,"Eau Claire, WI Metro Area",67962,1506,2450,5538,3082,2679,805,3266,3319,18719,26053,14912
3100000US20940,20940,"El Centro, CA Metro Area",54469,1809,2553,1806,3705,2424,1676,3294,6026,13381,16159,11268
3100000US21060,21060,"Elizabethtown, KY Metro Area",51087,1617,1552,1623,3083,3470,780,788,2209,13845,17728,11363
3100000US21140,21140,"Elkhart-Goshen, IN Metro Area",77806,2326,1846,2124,4114,4426,1572,3910,6796,20551,27790,15771
3100000US21300,21300,"Elmira, NY Metro Area",37983,1368,427,3773,2414,1272,874,936,3248,12670,14119,4816
3100000US21340,21340,"El Paso, TX Metro Area",257079,3666,7613,6933,8988,9798,9515,21965,20252,77279,91768,47901
3100000US21460,21460,"Enterprise-Ozark, AL Micro Area",44743,1527,1755,1456,2061,2374,722,138,2726,12496,14583,9685
3100000US21500,21500,"Erie, PA Metro Area",118420,2532,3941,11138,6361,4876,3237,4915,9495,40349,39705,16886
3100000US21660,21660,"Eugene-Springfield, OR Metro Area",150523,2863,8448,3225,7756,8173,5339,10205,13621,47046,51310,30974
3100000US21700,21700,"Eureka-Arcata-Fortuna, CA Micro Area",59128,2003,1271,2393,3920,1930,1269,1306,4081,18417,18802,11679
3100000US21780,21780,"Evansville, IN-KY Metro Area",161450,2821,1996,6143,5651,7933,7264,6326,11664,49279,54610,30705
3100000US21820,21820,"Fairbanks, AK Metro Area",38005,1290,3740,1640,1693,1837,1075,2892,1693,10051,13195,7620
3100000US22020,22020,"Fargo, ND-MN Metro Area",88536,1724,8174,1676,3157,4585,7706,17161,5060,27149,35273,16790
3100000US22140,22140,"Farmington, NM Metro Area",45805,1671,1287,655,1000,479,519,745,1814,12164,16272,9611
3100000US22180,22180,"Fayetteville, NC Metro Area",153270,3141,6007,3796,5571,8264,4912,4338,9177,45690,49043,28656
3100000US22220,22220,"Fayetteville-Springdale-Rogers, AR-MO Metro Area",188430,3619,7044,7413,6084,7501,14764,4559,7517,53814,69950,31594
3100000US22300,22300,"Findlay, OH Micro Area",34355,1293,1176,2100,1528,2412,1078,846,1750,9662,14353,6480
3100000US22380,22380,"Flagstaff, AZ Metro Area",60540,1804,3194,1044,2134,3476,1807,3084,2274,16057,16468,11701
3100000US22420,22420,"Flint, MI Metro Area",197201,2977,7197,2608,5109,7014,8806,8512,13178,64488,61963,29373
3100000US22500,22500,"Florence, SC Metro Area",85029,2404,859,2414,2259,3375,566,565,6622,23877,28465,16688
3100000US22520,22520,"Florence-Muscle Shoals, AL Metro Area",68522,2043,859,1830,1405,2823,1777,1284,2848,17781,22429,16797
3100000US22540,22540,"Fond du Lac, WI Metro Area",42620,1117,879,2325,719,2159,2001,1847,2138,11563,16784,9070
3100000US22660,22660,"Fort Collins-Loveland, CO Metro Area",128535,2426,7990,3006,5078,7071,6398,6239,4408,33453,50007,30615
3100000US22840,22840,"Fort Payne, AL Micro Area",29100,1958,157,502,464,1021,20,0,1068,6407,10952,6054
3100000US22900,22900,"Fort Smith, AR-OK Metro Area",122613,2257,2202,3035,5078,3313,2671,2497,6141,35915,41097,23320
3100000US23020,23020,"Fort Walton Beach-Crestview-Destin, FL Metro Area",93441,2275,5305,1596,5274,3746,2905,9860,2723,23169,32087,15099
3100000US23060,23060,"Fort Wayne, IN Metro Area",178280,3228,3861,5221,4823,6885,6255,9734,9301,52636,65624,33253
3100000US23180,23180,"Frankfort, KY Micro Area",32716,1531,557,1917,1809,1646,705,742,1240,11325,10231,7272
3100000US23420,23420,"Fresno, CA Metro Area",308459,4977,5868,10180,22515,19675,8262,17397,26643,90772,106106,55443
3100000US23460,23460,"Gadsden, AL Metro Area",48371,1644,463,1514,1352,1722,220,744,2539,12847,15560,10883
3100000US23540,23540,"Gainesville, FL Metro Area",115731,3227,3097,3429,7219,9982,11335,8474,6814,44269,35238,16990
3100000US23580,23580,"Gainesville, GA Metro Area",64227,2046,1047,927,1647,1969,2053,2583,2747,16275,24157,14444
3100000US23660,23660,"Galesburg, IL Micro Area",31570,1298,394,1300,1075,1196,813,1086,2837,10504,10039,5199
3100000US23700,23700,"Gallup, NM Micro Area",26895,1157,860,580,912,709,0,0,3074,7448,5479,2627
3100000US23900,23900,"Gettysburg, PA Micro Area",39952,1223,3808,1212,654,764,168,188,1937,8680,16061,11048
3100000US24020,24020,"Glens Falls, NY Metro Area",66239,1686,1644,4620,3159,3111,921,1880,3360,19581,20432,9716
3100000US24140,24140,"Goldsboro, NC Metro Area",50914,1580,2430,1609,1502,2090,246,722,3920,14488,14843,11944
3100000US24220,24220,"Grand Forks, ND-MN Metro Area",44183,1378,3427,1456,1811,1169,2683,5522,2393,12135,15972,8199
3100000US24260,24260,"Grand Island, NE Micro Area",29742,1074,801,1088,978,1172,1057,1271,1803,7542,10336,7689
3100000US24300,24300,"Grand Junction, CO Metro Area",59858,1850,3253,1498,3426,617,553,2930,2308,15171,23393,16122
3100000US24340,24340,"Grand Rapids-Wyoming, MI Metro Area",319447,3936,17603,13348,7413,9444,15524,14096,20395,92563,117071,56853
3100000US24420,24420,"Grants Pass, OR Micro Area",37268,1618,1423,1682,771,318,349,1155,2259,10475,12601,8789
3100000US24500,24500,"Great Falls, MT Metro Area",36358,1268,1195,2191,1829,817,1942,2564,2833,9298,11671,9475
3100000US24540,24540,"Greeley, CO Metro Area",93996,2078,2497,2253,2862,3278,3652,3968,3895,21567,33223,27478
3100000US24580,24580,"Green Bay, WI Metro Area",136570,2584,5264,10473,3516,9110,4613,6063,6199,34564,53732,27000
3100000US24620,24620,"Greeneville, TN Micro Area",31780,2018,566,732,882,624,0,138,988,7139,11567,8024
3100000US24660,24660,"Greensboro-High Point, NC Metro Area",316480,4024,11759,4542,11990,22658,18581,10912,17936,92928,103095,65234
3100000US24780,24780,"Greenville, NC Metro Area",81017,2227,2702,3135,2327,9058,5445,4046,5620,24066,24233,16465
3100000US24860,24860,"Greenville-Mauldin-Easley, SC Metro Area",272941,4313,6054,5154,7523,12681,12095,9744,14664,78121,97333,50690
3100000US24940,24940,"Greenwood, SC Micro Area",30023,1507,702,553,1607,2198,264,185,1133,8063,9709,5238
3100000US25060,25060,"Gulfport-Biloxi, MS Metro Area",106914,2274,2790,2187,4362,5061,4217,2393,4098,30656,35130,21933
3100000US25180,25180,"Hagerstown-Martinsburg, MD-WV Metro Area",114669,2606,13794,3901,3867,3755,4067,3102,5996,30847,39783,24336
3100000US25220,25220,"Hammond, LA Micro Area",50654,1693,1499,2278,2383,1464,223,340,3206,15590,17997,8756
3100000US25260,25260,"Hanford-Corcoran, CA Metro Area",42244,2058,1786,1413,1968,1567,653,1158,2780,12499,14668,10548
3100000US25420,25420,"Harrisburg-Carlisle, PA Metro Area",232203,3335,41444,8604,12475,12058,8579,9401,15654,70344,81817,45290
3100000US25500,25500,"Harrisonburg, VA Metro Area",48035,1646,3780,1534,3013,2389,1899,1131,3567,10813,15295,14053
3100000US25540,25540,"Hartford-West Hartford-East Hartford, CT Metro Area",493714,4572,23514,35709,40039,30997,19244,45233,40542,147699,182817,91629
3100000US25620,25620,"Hattiesburg, MS Metro Area",56019,1842,823,1505,2742,3370,1295,2005,2777,16654,19434,10507
3100000US25740,25740,"Helena, MT Micro Area",30835,1507,654,872,1465,755,927,935,1784,7515,10079,8298
3100000US25860,25860,"Hickory-Lenoir-Morganton, NC Metro Area",158469,3255,1710,4332,5110,6075,1711,2298,7936,40457,50937,37148
3100000US25900,25900,"Hilo, HI Micro Area",79591,2135,842,1789,2725,5084,2512,4360,3445,19603,26792,13248
3100000US25940,25940,"Hilton Head Island-Beaufort, SC Micro Area",91215,2480,3702,1778,3429,5191,2853,6361,3679,23114,27414,11213
3100000US25980,25980,"Hinesville-Fort Stewart, GA Metro Area",29455,1420,866,615,2667,1881,273,283,2139,8671,8925,5943
3100000US26100,26100,"Holland-Grand Haven, MI Metro Area",101175,2016,6992,3183,2163,3669,2767,4214,3353,25601,40631,23921
3100000US26140,26140,"Homosassa Springs, FL Micro Area",76129,2618,1731,1244,1058,1409,102,321,1922,23281,23074,7970
3100000US26180,26180,"Honolulu, HI Metro Area",337177,3642,24571,10292,15748,24708,16914,88810,29910,103260,107777,61914
3100000US26300,26300,"Hot Springs, AR Metro Area",47060,2047,692,1026,3096,1564,1443,2080,2342,15045,14981,5921
3100000US26380,26380,"Houma-Bayou Cane-Thibodaux, LA Metro Area",82501,2453,1169,1479,2985,1529,1288,785,5261,23646,31750,12316
3100000US26420,26420,"Houston-Sugar Land-Baytown, TX Metro Area",2229926,10334,70774,27579,56964,109832,250169,200165,114763,685389,807684,355213
3100000US26580,26580,"Huntington-Ashland, WV-KY-OH Metro Area",132447,2857,1353,3966,3938,5460,3257,3383,10803,42535,41803,22429
3100000US26620,26620,"Huntsville, AL Metro Area",171117,3147,3314,2971,6322,10216,7084,5299,7029,47436,61115,37746
3100000US26820,26820,"Idaho Falls, ID Metro Area",47496,1625,1845,1534,3099,1391,754,880,2065,10157,18330,13534
3100000US26860,26860,"Indiana, PA Micro Area",38461,1261,954,1571,2015,1762,736,660,2710,10703,14588,6361
3100000US26900,26900,"Indianapolis-Carmel, IN Metro Area",752997,7099,42895,14447,25637,50904,42402,35791,34383,225776,274655,131739
3100000US26980,26980,"Iowa City, IA Metro Area",63749,1614,5559,1994,2236,3737,7310,4934,3796,20953,22572,10371
3100000US27060,27060,"Ithaca, NY Metro Area",40759,1505,1634,4711,3071,3668,1842,2378,4556,16639,11970,4278
3100000US27100,27100,"Jackson, MI Metro Area",68060,1906,693,2856,1466,2241,2001,3202,4974,17736,24201,11601
3100000US27140,27140,"Jackson, MS Metro Area",221964,3649,3685,4044,7667,15450,6976,6020,14124,66198,73457,44067
3100000US27180,27180,"Jackson, TN Metro Area",49573,1906,847,2133,2108,2323,779,1485,3605,13975,15582,11174
3100000US27260,27260,"Jacksonville, FL Metro Area",593763,6704,29570,11059,19264,31821,39394,40373,31077,182677,204455,83179
3100000US27340,27340,"Jacksonville, NC Metro Area",67011,2183,5327,804,1707,2016,903,2138,2511,16993,24259,12854
3100000US27460,27460,"Jamestown-Dunkirk-Fredonia, NY Micro Area",65648,1497,1023,9036,3537,2000,1219,1419,6278,19685,20833,7914
3100000US27500,27500,"Janesville, WI Metro Area",68824,1809,2420,3243,1875,3791,1254,2295,3399,20623,25148,13059
3100000US27620,27620,"Jefferson City, MO Metro Area",61641,1761,1430,2382,2544,2198,1569,1221,2623,15685,22182,15712
3100000US27740,27740,"Johnson City, TN Metro Area",89500,2157,1595,1781,2387,5471,2102,2217,4767,22707,30324,20125
3100000US27780,27780,"Johnstown, PA Metro Area",66271,1619,5036,2809,2908,2094,1536,1807,6623,20078,22391,10369
3100000US27860,27860,"Jonesboro, AR Metro Area",51805,1568,1058,2175,2849,2427,1325,759,3631,14545,19644,9144
3100000US27900,27900,"Joplin, MO Metro Area",72450,2043,731,2770,2537,1649,1017,1159,4483,21448,26005,13223
3100000US27980,27980,"Kahului-Wailuku, HI Micro Area",66224,1963,2345,4522,2697,4286,4836,10639,2383,14630,19695,12242
3100000US28020,28020,"Kalamazoo-Portage, MI Metro Area",145209,2645,4619,3808,4051,8080,8630,9545,8314,44981,49930,23513
3100000US28060,28060,"Kalispell, MT Micro Area",38099,1195,1491,858,980,478,831,1156,1434,8601,12144,8946
3100000US28100,28100,"Kankakee-Bradley, IL Metro Area",44436,1349,1070,1810,1709,2743,1026,1319,3619,14360,14550,7409
3100000US28140,28140,"Kansas City, MO-KS Metro Area",866991,6716,58316,19314,35353,43961,40022,43429,46367,254077,324741,160192
3100000US28300,28300,"Keene, NH Micro Area",33890,1438,885,2006,1599,1459,1051,1426,1836,8979,11732,6238
3100000US28420,28420,"Kennewick-Pasco-Richland, WA Metro Area",86950,2057,3219,2755,1875,4087,3010,5084,4933,22552,28873,24656
3100000US28580,28580,"Key West, FL Micro Area",53813,1913,4932,1938,2563,3275,1383,2828,2058,11620,11654,3752
3100000US28660,28660,"Killeen-Temple-Fort Hood, TX Metro Area",150489,3106,4307,12350,9407,8140,6297,2717,5809,40848,57976,23408
3100000US28700,28700,"Kingsport-Bristol-Bristol, TN-VA Metro Area",144808,3270,3299,2661,3311,4665,4617,2845,7480,38685,49097,34443
3100000US28740,28740,"Kingston, NY Metro Area",81850,2374,2282,6710,4291,4811,1580,1526,4747,23326,27108,14867
3100000US28900,28900,"Klamath Falls, OR Micro Area",31908,1491,737,1813,607,730,26,1024,1494,6601,10466,8197
3100000US28940,28940,"Knoxville, TN Metro Area",312789,4267,14153,5336,9902,12864,13372,15141,15754,103226,106152,59652
3100000US29020,29020,"Kokomo, IN Metro Area",46844,1440,1485,1683,1737,2741,829,1009,2521,11467,17531,8572
3100000US29100,29100,"La Crosse, WI-MN Metro Area",56358,1512,2733,3679,2537,2131,2086,3480,3913,16307,23040,10651
3100000US29140,29140,"Lafayette, IN Metro Area",80021,1890,3783,2609,3381,5258,5880,4417,5384,24980,28537,13646
3100000US29180,29180,"Lafayette, LA Metro Area",112416,2992,2676,2552,4226,4537,4206,5082,9037,33929,41661,16083
3100000US29340,29340,"Lake Charles, LA Metro Area",86262,2418,915,4203,2305,3034,1825,2161,5862,26296,31734,11189
3100000US29380,29380,"Lake City, FL Micro Area",28885,1574,0,260,312,723,496,391,1546,9773,9743,4405
3100000US29420,29420,"Lake Havasu City-Kingman, AZ Metro Area",102047,2591,2675,1353,3201,1333,2471,1987,2541,26165,30465,14713
3100000US29460,29460,"Lakeland-Winter Haven, FL Metro Area",280622,4308,7744,9941,9564,9097,6096,6296,14349,89920,84520,35142
3100000US29540,29540,"Lancaster, PA Metro Area",195140,3478,42053,8112,9295,8534,4483,7560,17312,55351,76075,37703
3100000US29580,29580,"Lancaster, SC Micro Area",29732,1288,0,165,442,435,71,357,1976,7917,10211,6175
3100000US29620,29620,"Lansing-East Lansing, MI Metro Area",196718,2888,9823,5091,5816,10688,13698,12477,10931,61524,71463,33808
3100000US29700,29700,"Laredo, TX Metro Area",70710,1837,2374,1514,4620,3420,3309,2303,5814,24280,23312,11705
3100000US29740,29740,"Las Cruces, NM Metro Area",77865,2490,2151,1787,2192,3419,3825,2597,3603,22433,25687,18125
3100000US29820,29820,"Las Vegas-Paradise, NV Metro Area",810624,6872,41044,8405,56550,83263,58454,56421,47759,262338,268466,106042
3100000US29860,29860,"Laurel, MS Micro Area",37849,2216,113,694,1004,878,0,86,1939,9981,12653,7978
3100000US29940,29940,"Lawrence, KS Metro Area",46842,1415,4650,1698,3670,2754,4210,2822,1931,14821,16501,10477
3100000US30020,30020,"Lawton, OK Metro Area",48020,1553,1139,1761,1497,2750,1022,939,2778,14405,15473,9400
3100000US30100,30100,"Lebanon, NH-VT Micro Area",94731,2283,3904,3807,4789,5634,1329,3214,2767,21964,28299,14746
3100000US30140,30140,"Lebanon, PA Metro Area",53739,1498,9283,2756,3291,1279,654,2054,4039,16461,20318,10567
3100000US30340,30340,"Lewiston-Auburn, ME Metro Area",48372,1699,749,4200,4292,3128,1372,1688,3432,16186,15307,8409
3100000US30460,30460,"Lexington-Fayette, KY Metro Area",203712,3888,10445,9492,9956,12804,10987,12652,13318,65144,73320,36891
3100000US30500,30500,"Lexington Park, MD Micro Area",41679,1369,3720,77,459,1247,2488,660,1542,7547,17220,10624
3100000US30620,30620,"Lima, OH Metro Area",45374,1107,1100,3150,2152,1010,378,1458,3342,12572,15682,8393
3100000US30700,30700,"Lincoln, NE Metro Area",124480,2585,7938,4863,3926,7404,9529,11818,5994,38399,44059,25676
3100000US30740,30740,"Lincolnton, NC Micro Area",31525,1677,848,444,468,821,555,170,1873,6719,10584,8841
3100000US30780,30780,"Little Rock-North Little Rock-Conway, AR Metro Area",298336,4743,5848,7968,7975,17357,9991,13084,17776,93791,110783,50262
3100000US30860,30860,"Logan, UT-ID Metro Area",39787,1238,1999,1508,4214,701,1118,1444,1360,9497,16705,10183
3100000US30980,30980,"Longview, TX Metro Area",87275,3721,1557,2704,3005,3795,2045,1831,5070,26990,28880,18258
3100000US31020,31020,"Longview, WA Metro Area",42109,2063,378,2089,1705,769,1925,1229,2110,10734,13826,11372
3100000US31100,31100,"Los Angeles-Long Beach-Santa Ana, CA Metro Area",4421193,15082,344247,98902,267864,335154,314537,731533,346835,1379376,1523876,889834
3100000US31140,31140,"Louisville-Jefferson County, KY-IN Metro Area",551672,4466,14491,13306,29753,34653,25492,20856,39915,167221,191524,98875
3100000US31180,31180,"Lubbock, TX Metro Area",119312,2465,2828,5233,4670,4822,5750,7201,5451,40309,41850,19801
3100000US31260,31260,"Lufkin, TX Micro Area",34273,1721,833,962,762,601,753,675,2551,9680,11692,6313
3100000US31300,31300,"Lumberton, NC Micro Area",49933,1746,420,1768,1977,530,128,370,4305,15146,12939,9519
3100000US31340,31340,"Lynchburg, VA Metro Area",109816,3026,3505,3935,2524,3181,2795,2203,6341,29972,34571,26886
3100000US31420,31420,"Macon, GA Metro Area",103508,3335,1596,4498,3342,5640,1754,2512,7343,28434,31655,20852
3100000US31460,31460,"Madera, CA Metro Area",49353,1922,663,1858,2251,1459,439,918,2499,12171,16549,10669
3100000US31540,31540,"Madison, WI Metro Area",247984,2824,18799,9275,13766,16349,12942,31786,14616,76720,94500,40295
3100000US31700,31700,"Manchester-Nashua, NH Metro Area",162538,2629,10020,14029,12761,7832,5443,16439,8657,44298,64186,32590
3100000US31740,31740,"Manhattan, KS Micro Area",48578,1278,1697,2735,2819,3395,3330,3118,1726,15108,17455,9041
3100000US31820,31820,"Manitowoc, WI Micro Area",36719,1322,1174,3545,1563,1480,848,1428,2118,9843,12992,8618
3100000US31860,31860,"Mankato-North Mankato, MN Micro Area",38403,1131,2108,1980,1344,1784,1394,3157,2365,9972,14087,9741
3100000US31900,31900,"Mansfield, OH Metro Area",54981,1576,2270,2073,1901,3007,1223,1274,4529,14241,18117,11053
3100000US31940,31940,"Marinette, WI-MI Micro Area",42671,1504,263,1638,354,1002,501,887,2100,8855,12078,7441
3100000US31980,31980,"Marion, IN Micro Area",31625,1511,489,1349,1741,1064,516,1096,1680,11040,10213,4533
3100000US32020,32020,"Marion, OH Micro Area",27887,1141,458,1263,1368,1234,100,668,1459,9770,8617,4733
3100000US32100,32100,"Marquette, MI Micro Area",34548,1115,526,1613,1039,1626,873,1853,1351,8488,9436,5146
3100000US32270,32270,"Marshfield-Wisconsin Rapids, WI Micro Area",34465,1071,692,1877,454,995,1365,1583,2183,9872,13256,6807
3100000US32300,32300,"Martinsville, VA Micro Area",34322,1573,326,398,1288,934,519,431,2196,9303,11415,7279
3100000US32580,32580,"McAllen-Edinburg-Mission, TX Metro Area",253379,4391,3610,9939,11244,5796,4771,10434,16352,85665,72790,36744
3100000US32740,32740,"Meadville, PA Micro Area",43490,1176,1014,1520,764,994,897,764,3194,12772,13415,5834
3100000US32780,32780,"Medford, OR Metro Area",88258,2185,4740,1835,4989,1870,1826,3955,4737,27079,33675,16526
3100000US32820,32820,"Memphis, TN-MS-AR Metro Area",555230,5115,19554,12268,23548,37871,30593,21133,38002,173384,176516,92974
3100000US32900,32900,"Merced, CA Metro Area",83693,2290,2116,2734,5812,3378,1483,2404,6995,22150,27620,15588
3100000US32940,32940,"Meridian, MS Micro Area",47736,3170,1004,1987,1453,3835,518,1382,3493,14516,13374,10234
3100000US33100,33100,"Miami-Fort Lauderdale-Pompano Beach, FL Metro Area",2425815,10889,228393,61233,111188,136880,155643,642372,172633,820690,731137,273528
3100000US33140,33140,"Michigan City-La Porte, IN Metro Area",48459,1311,535,1745,1709,1691,1141,1657,2092,14586,15223,10111
3100000US33220,33220,"Midland, MI Micro Area",35326,975,646,479,951,1148,1295,1206,1415,10346,13567,7476
3100000US33260,33260,"Midland, TX Metro Area",50461,1500,1167,1581,1405,3896,2257,2493,1762,13604,20269,11324
3100000US33340,33340,"Milwaukee-Waukesha-West Allis, WI Metro Area",654514,4806,42335,75929,32654,36737,28395,69044,56020,219661,230911,100090
3100000US33460,33460,"Minneapolis-St. Paul-Bloomington, MN-WI Metro Area",1345618,7884,145799,36111,29441,29002,54545,196107,89446,400649,514560,257592
3100000US33540,33540,"Missoula, MT Metro Area",46314,1453,717,1984,3198,2440,2084,2730,2187,14495,17572,9497
3100000US33660,33660,"Mobile, AL Metro Area",180833,3017,2155,4212,6136,10556,4554,6402,11592,56627,56477,35457
3100000US33700,33700,"Modesto, CA Metro Area",175118,2899,6523,3805,8248,5964,3387,8615,9316,46616,62906,42017
3100000US33740,33740,"Monroe, LA Metro Area",76228,2182,459,2761,5308,2015,1048,1469,4647,27646,23623,8302
3100000US33780,33780,"Monroe, MI Metro Area",63729,1485,1393,2050,658,2117,1135,1732,2563,17455,24563,14204
3100000US33860,33860,"Montgomery, AL Metro Area",158190,3130,4868,1700,6707,11534,2518,3823,10010,47638,48362,31781
3100000US34060,34060,"Morgantown, WV Metro Area",51762,1508,1689,2335,2088,2401,2527,2116,1991,16828,15935,8205
3100000US34100,34100,"Morristown, TN Metro Area",59949,2249,655,2677,841,1333,821,746,2578,14960,20669,13519
3100000US34180,34180,"Moses Lake, WA Micro Area",32431,1389,2144,739,900,1436,1011,335,1938,8551,9541,8443
3100000US34340,34340,"Mount Airy, NC Micro Area",32473,1282,180,328,797,947,138,227,1612,8532,10833,7829
3100000US34380,34380,"Mount Pleasant, MI Micro Area",28779,1069,1180,975,1618,1832,2419,1472,1232,8381,9396,6108
3100000US34580,34580,"Mount Vernon-Anacortes, WA Metro Area",48968,1828,1363,2021,1146,1524,1168,2360,1546,12185,17658,12714
3100000US34620,34620,"Muncie, IN Metro Area",52865,1527,1372,1938,2145,2190,2265,1259,3540,15545,16795,9191
3100000US34740,34740,"Muskegon-Norton Shores, MI Metro Area",73488,1698,1955,2480,1581,1641,1750,2565,4835,22707,25351,13491
3100000US34780,34780,"Muskogee, OK Micro Area",31037,1076,428,839,682,628,657,1100,2430,9507,10452,5265
3100000US34820,34820,"Myrtle Beach-North Myrtle Beach-Conway, SC Metro Area",172847,3764,3718,2320,6571,15017,16013,17844,6845,39550,44702,19259
3100000US34900,34900,"Napa, CA Metro Area",53323,2098,2279,1643,2820,2012,1294,2778,2915,15222,16532,11664
3100000US34940,34940,"Naples-Marco Island, FL Metro Area",193824,3184,9720,5768,15188,20140,19489,34575,5936,50408,46721,14279
3100000US34980,34980,"Nashville-Davidson--Murfreesboro--Franklin, TN Metro Area",654681,5976,32241,21497,19458,29153,37027,40946,31611,192777,237564,142222
3100000US35100,35100,"New Bern, NC Micro Area",57949,2112,2128,846,2696,2246,869,940,4944,15145,21113,9620
3100000US35260,35260,"New Castle, PA Micro Area",40389,1321,1400,903,1209,1167,556,1093,2895,14105,12380,5989
3100000US35300,35300,"New Haven-Milford, CT Metro Area",349835,4643,20521,36889,40895,18695,16106,32427,34130,109640,116926,61740
3100000US35340,35340,"New Iberia, LA Micro Area",30042,1654,293,546,1451,868,0,270,2914,9364,8467,5904
3100000US35380,35380,"New Orleans-Metairie-Kenner, LA Metro Area",447540,5098,27857,26574,27686,16696,17716,26734,34594,144011,146285,58912
3100000US35420,35420,"New Philadelphia-Dover, OH Micro Area",38916,1453,986,2183,2000,509,260,557,1899,10283,13115,9685
3100000US35620,35620,"New York-Northern New Jersey-Long Island, NY-NJ-PA Metro Area",7421047,12587,474386,833892,585002,403339,381599,1993720,2056525,2185074,1727392,791240
3100000US35660,35660,"Niles-Benton Harbor, MI Metro Area",77242,1507,1048,3455,2501,2484,1738,3006,3711,25339,22379,12549
3100000US35900,35900,"North Wilkesboro, NC Micro Area",30846,N,N,N,N,N,N,N,1913,7653,10561,7437
3100000US35980,35980,"Norwich-New London, CT Metro Area",117035,2268,4021,11017,9447,5091,3056,6602,6795,30885,41664,24057
3100000US36020,36020,"Oak Harbor, WA Micro Area",37218,1249,887,360,1566,504,510,530,936,8219,13741,9354
3100000US36100,36100,"Ocala, FL Metro Area",161652,3499,3945,2796,3930,6744,1663,2153,6762,60958,50627,17879
3100000US36140,36140,"Ocean City, NJ Metro Area",101126,2749,17513,8591,5711,3993,2705,4795,2751,14760,21044,8801
3100000US36220,36220,"Odessa, TX Metro Area",51551,1574,1087,452,1401,2873,3381,1947,2164,15361,18163,10365
3100000US36260,36260,"Ogden-Clearfield, UT Metro Area",179831,2810,8350,3782,6399,4091,7081,7442,6668,39853,72966,49730
3100000US36300,36300,"Ogdensburg-Massena, NY Micro Area",50648,1665,434,2498,2734,2015,903,974,3986,15593,17015,5998
3100000US36420,36420,"Oklahoma City, OK Metro Area",527500,4672,14720,10132,18028,34291,24592,21957,24260,158674,184745,96812
3100000US36460,36460,"Olean, NY Micro Area",40475,1366,336,3050,2056,765,723,718,2137,12193,12695,5557
3100000US36500,36500,"Olympia, WA Metro Area",102766,2465,3259,4051,3235,3600,4490,4718,4432,29285,36839,26566
3100000US36540,36540,"Omaha-Council Bluffs, NE-IA Metro Area",353638,4311,15211,5801,6610,18785,23115,27699,22396,99841,133165,72602
3100000US36660,36660,"Opelousas-Eunice, LA Micro Area",38997,1513,137,928,1029,430,24,600,4781,10656,12483,5177
3100000US36700,36700,"Orangeburg, SC Micro Area",41262,1633,1314,601,1543,986,121,202,4313,12956,9637,7420
3100000US36740,36740,"Orlando-Kissimmee, FL Metro Area",899526,8825,45821,13477,29842,56740,74321,56720,36751,288474,311629,112918
3100000US36780,36780,"Oshkosh-Neenah, WI Metro Area",71676,1780,2513,4962,3322,6187,2696,2977,3971,21432,25186,12555
3100000US36860,36860,"Ottawa-Streator, IL Micro Area",68051,1485,1596,2876,2378,1385,642,1699,4078,17700,25056,15243
3100000US36980,36980,"Owensboro, KY Metro Area",51299,1571,509,1439,1938,1727,1124,1783,4333,13541,18895,10048
3100000US37020,37020,"Owosso, MI Micro Area",30369,1173,340,812,1210,1399,848,434,1730,8203,10959,6703
3100000US37100,37100,"Oxnard-Thousand Oaks-Ventura, CA Metro Area",273553,3567,29098,3338,10118,12377,10729,17280,9834,70865,101080,75165
3100000US37140,37140,"Paducah, KY-IL Micro Area",47405,1925,1645,748,1476,1206,535,1200,2698,14250,14987,9585
3100000US37260,37260,"Palatka, FL Micro Area",35322,1796,302,573,341,1056,213,411,1353,10215,11342,4388
3100000US37340,37340,"Palm Bay-Melbourne-Titusville, FL Metro Area",267467,4037,13886,3178,7510,14657,14239,19871,10373,83579,87961,35554
3100000US37380,37380,"Palm Coast, FL Metro Area",48931,1504,2686,630,491,652,783,2167,1816,12115,18161,5291
3100000US37460,37460,"Panama City-Lynn Haven, FL Metro Area",98657,3062,3547,3335,6015,4463,2895,12843,4292,26032,26158,13211
3100000US37620,37620,"Parkersburg-Marietta-Vienna, WV-OH Metro Area",75236,1890,625,2130,2656,1600,875,1887,4252,22576,25976,14511
3100000US37700,37700,"Pascagoula, MS Metro Area",66669,2176,2038,381,1543,2672,1310,1792,2390,13912,25425,16506
3100000US37820,37820,"Pendleton-Hermiston, OR Micro Area",33400,1578,505,1252,1373,871,677,939,2043,6759,11578,9701
3100000US37860,37860,"Pensacola-Ferry Pass-Brent, FL Metro Area",199385,3828,5949,5749,7093,9451,4217,9873,9377,55300,70852,30436
3100000US37900,37900,"Peoria, IL Metro Area",163510,2716,4219,4455,4746,6685,5213,6870,9473,48037,62186,31487
3100000US37980,37980,"Philadelphia-Camden-Wilmington, PA-NJ-DE-MD Metro Area",2394512,8605,711125,116720,98700,87574,93843,186150,307649,765087,780992,350403
3100000US38060,38060,"Phoenix-Mesa-Scottsdale, AZ Metro Area",1715488,9087,89008,22829,63284,87257,105049,113090,83961,555499,578213,244026
3100000US38220,38220,"Pine Bluff, AR Metro Area",44782,1305,319,1069,579,1111,1621,567,3021,11930,12749,8182
3100000US38300,38300,"Pittsburgh, PA Metro Area",1107558,7418,88568,45075,45461,42913,31028,64201,112263,352319,368049,154479
3100000US38340,38340,"Pittsfield, MA Metro Area",68242,1919,1229,8368,5892,2280,2280,3838,6413,22879,20351,7812
3100000US38460,38460,"Plattsburgh, NY Micro Area",34602,1416,1420,1592,1629,1561,716,522,2846,9798,11680,5758
3100000US38540,38540,"Pocatello, ID Metro Area",34873,1291,1088,938,2294,784,412,1029,1512,8120,12115,9580
3100000US38820,38820,"Port Angeles, WA Micro Area",33974,1786,715,526,700,495,878,1660,2375,8843,11845,6524
3100000US38860,38860,"Portland-South Portland-Biddeford, ME Metro Area",256768,3055,10222,18300,18833,12492,5813,10821,14666,68940,91182,37986
3100000US38900,38900,"Portland-Vancouver-Beaverton, OR-WA Metro Area",899416,6036,43531,23798,39212,48930,51721,84547,65632,265098,327222,177076
3100000US38940,38940,"Port St. Lucie, FL Metro Area",208298,3204,9771,4982,9737,7903,15605,10938,7406,63029,61675,22654
3100000US39020,39020,"Portsmouth, OH Micro Area",34641,1260,405,1064,1207,1104,903,1272,2373,8108,10655,9457
3100000US39060,39060,"Pottsville, PA Micro Area",69896,1703,19859,2451,2416,903,820,2017,5480,20903,22016,12683
3100000US39100,39100,"Poughkeepsie-Newburgh-Middletown, NY Metro Area",247637,3619,12959,19645,17611,15865,8559,10599,17774,65677,90244,51742
3100000US39140,39140,"Prescott, AZ Metro Area",105882,3202,4172,2311,4082,2649,814,2756,3924,33839,33701,17086
3100000US39300,39300,"Providence-New Bedford-Fall River, RI-MA Metro Area",676971,6076,22001,70270,95424,43612,24437,45206,57081,214210,229092,103178
3100000US39340,39340,"Provo-Orem, UT Metro Area",146314,2575,11540,5137,7891,4392,7443,4913,4571,27201,59022,46748
3100000US39380,39380,"Pueblo, CO Metro Area",67598,2216,1965,2770,2528,1862,1268,3835,5399,18929,22196,14262
3100000US39460,39460,"Punta Gorda, FL Metro Area",101181,2880,2039,1831,3568,4502,4223,5223,3082,30244,29884,10727
3100000US39500,39500,"Quincy, IL-MO Micro Area",35389,1252,550,1504,2101,885,306,799,1904,9901,12662,5847
3100000US39540,39540,"Racine, WI Metro Area",81564,1866,3479,7591,3206,4718,3490,3956,4103,23517,32579,14863
3100000US39580,39580,"Raleigh-Cary, NC Metro Area",441188,4639,33024,6915,13530,21155,32249,20690,18129,128380,174902,80001
3100000US39660,39660,"Rapid City, SD Metro Area",54540,1538,2633,1827,2676,1688,1727,3560,2608,13130,21094,13992
3100000US39740,39740,"Reading, PA Metro Area",161035,2820,37731,5872,7758,5492,3043,6186,13695,43477,60887,32032
3100000US39820,39820,"Redding, CA Metro Area",76999,2203,2081,1433,5680,1796,845,2170,4698,21051,26478,17840
3100000US39900,39900,"Reno-Sparks, NV Metro Area",180590,3202,9323,5135,9396,14590,8036,14682,9891,50640,61039,35634
3100000US39980,39980,"Richmond, IN Micro Area",31082,1354,642,1466,1238,879,1486,1520,3276,9168,8865,5563
3100000US40060,40060,"Richmond, VA Metro Area",519359,6102,20208,10345,17169,27862,28387,25229,33547,137898,172098,123459
3100000US40080,40080,"Richmond-Berea, KY Micro Area",40506,1754,769,2243,1729,3623,1173,575,1917,12213,13889,7909
3100000US40140,40140,"Riverside-San Bernardino-Ontario, CA Metro Area",1456496,8731,72790,22071,65830,64144,51301,63705,65569,350159,481307,330769
3100000US40220,40220,"Roanoke, VA Metro Area",139338,2837,3507,5221,3920,4003,11416,3405,10782,37975,47152,31916
3100000US40260,40260,"Roanoke Rapids, NC Micro Area",36401,1552,284,993,705,896,588,418,2432,9579,10358,6294
3100000US40340,40340,"Rochester, MN Metro Area",77786,1640,3892,1069,2980,2415,1715,6458,3585,21474,31208,15584
3100000US40380,40380,"Rochester, NY Metro Area",442378,4772,16505,30935,27902,27702,10149,22817,39281,134480,158401,66307
3100000US40420,40420,"Rockford, IL Metro Area",144563,3471,3703,9549,7748,5746,4320,5821,8565,41263,52810,24938
3100000US40580,40580,"Rocky Mount, NC Metro Area",66720,2189,1426,4218,2043,2693,315,875,6391,15844,22241,14945
3100000US40660,40660,"Rome, GA Metro Area",40111,1585,731,2599,1419,773,1172,758,2840,11966,12670,7771
3100000US40700,40700,"Roseburg, OR Micro Area",46362,1530,1008,2059,1418,1632,691,685,2437,11771,15969,10816
3100000US40740,40740,"Roswell, NM Micro Area",26690,1379,594,1585,583,467,180,491,2084,7248,10005,4231
3100000US40780,40780,"Russellville, AR Micro Area",34573,1393,67,1373,619,579,806,393,1639,9873,12022,6826
3100000US40900,40900,"Sacramento--Arden-Arcade--Roseville, CA Metro Area",854066,5595,42690,19756,47277,52064,37143,48042,47135,237163,309723,170607
3100000US40980,40980,"Saginaw-Saginaw Township North, MI Metro Area",88828,1969,3482,2538,1875,4862,3513,2162,5296,28896,30705,13624
3100000US41060,41060,"St. Cloud, MN Metro Area",76520,1494,2283,800,1562,1433,4124,8251,3164,19144,30375,18225
3100000US41100,41100,"St. George, UT Metro Area",56541,1566,3662,1256,2501,1912,1848,1284,1138,13802,19925,11345
3100000US41140,41140,"St. Joseph, MO-KS Metro Area",51600,1808,2025,2059,1791,1438,1282,1274,3546,14049,17734,10725
3100000US41180,41180,"St. Louis, MO-IL Metro Area",1229856,8572,44124,57099,70263,53187,44664,54867,79210,368242,441549,220250
3100000US41420,41420,"Salem, OR Metro Area",148115,3005,5064,6672,8319,7441,4033,7001,9932,40957,54520,32934
3100000US41500,41500,"Salinas, CA Metro Area",140159,2685,9748,4352,8916,13153,7260,6857,7753,41957,44765,31591
3100000US41540,41540,"Salisbury, MD Metro Area",51440,1671,1973,824,1627,1998,3106,2212,4061,14188,16734,10538
3100000US41580,41580,"Salisbury, NC Micro Area",59763,1852,1149,2338,1219,1935,1253,723,3462,17509,17964,13612
3100000US41620,41620,"Salt Lake City, UT Metro Area",396522,4840,22230,12549,14434,15438,22110,35303,19684,100439,148432,95523
3100000US41660,41660,"San Angelo, TX Metro Area",47253,1711,1361,396,901,3275,2044,3215,2393,14853,16317,7752
3100000US41700,41700,"San Antonio, TX Metro Area",767961,5738,17371,12886,28312,41509,47983,40714,52968,244875,261662,129927
3100000US41740,41740,"San Diego-Carlsbad-San Marcos, CA Metro Area",1138440,7644,99028,26676,56757,81721,81479,155828,64175,334453,408787,230543
3100000US41780,41780,"Sandusky, OH Metro Area",37555,1299,1078,1945,2693,1092,755,3035,3084,10013,11711,6324
3100000US41860,41860,"San Francisco-Oakland-Fremont, CA Metro Area",1697797,9517,166571,80477,119172,113731,98012,254704,188238,539203,533527,305032
3100000US41940,41940,"San Jose-Sunnyvale-Santa Clara, CA Metro Area",635518,4859,63421,11877,34607,36002,33135,80006,30752,175037,244971,153960
3100000US42020,42020,"San Luis Obispo-Paso Robles, CA Metro Area",116769,2824,5557,4004,6822,4473,2038,4674,5286,28770,39247,27598
3100000US42060,42060,"Santa Barbara-Santa Maria-Goleta, CA Metro Area",151772,3373,9724,5316,11628,10906,10121,8651,10118,46092,51757,31245
3100000US42100,42100,"Santa Cruz-Watsonville, CA Metro Area",103480,2403,8670,3156,7415,3627,3101,6189,5793,25489,37191,25286
3100000US42140,42140,"Santa Fe, NM Metro Area",64280,1592,4446,2167,1656,3054,1781,2161,2719,17305,21016,14050
3100000US42220,42220,"Santa Rosa-Petaluma, CA Metro Area",198438,2731,13670,5318,8769,8795,5227,10661,9775,55634,71351,44399
3100000US42340,42340,"Savannah, GA Metro Area",148081,2839,6841,6597,8153,11217,4351,4701,8125,45665,52829,21188
3100000US42540,42540,"Scranton--Wilkes-Barre, PA Metro Area",258905,3579,23816,23383,18370,7733,3261,9697,23122,81999,84383,39730
3100000US42580,42580,"Seaford, DE Micro Area",116582,2187,10219,1605,1877,3255,2343,3800,3210,25773,30756,14807
3100000US42620,42620,"Searcy, AR Micro Area",30178,1342,310,208,1050,498,1151,482,1507,8650,10515,7407
3100000US42660,42660,"Seattle-Tacoma-Bellevue, WA Metro Area",1434994,8459,58624,34994,60694,82826,99829,180495,95135,437543,500629,308381
3100000US42680,42680,"Sebastian-Vero Beach, FL Metro Area",78124,2144,2378,2402,3214,6171,2720,4022,3403,25664,24039,7321
3100000US42700,42700,"Sebring, FL Micro Area",55376,1738,1651,1598,1186,1211,875,944,2537,19088,13021,4248
3100000US42860,42860,"Seneca, SC Micro Area",37994,1636,498,312,654,652,540,666,1794,9453,10896,9097
3100000US42940,42940,"Sevierville, TN Micro Area",43334,1679,764,580,1253,1786,1425,1413,1438,7942,12354,9486
3100000US43060,43060,"Shawnee, OK Micro Area",28906,1139,301,988,941,1090,301,312,1487,7250,9933,5908
3100000US43100,43100,"Sheboygan, WI Metro Area",49857,1269,2307,6282,2156,1679,1444,2081,2799,14939,18790,9663
3100000US43140,43140,"Shelby, NC Micro Area",43003,1395,546,1675,1010,1781,246,274,2030,13843,12831,9799
3100000US43300,43300,"Sherman-Denison, TX Metro Area",52194,1866,558,1945,1169,1408,1493,1239,2298,13518,19550,9222
3100000US43320,43320,"Show Low, AZ Micro Area",54542,2146,1179,605,1569,259,398,376,2898,13202,12737,7563
3100000US43340,43340,"Shreveport-Bossier City, LA Metro Area",172937,3605,5144,2807,6203,10741,7066,6959,12943,57692,54187,23957
3100000US43420,43420,"Sierra Vista-Douglas, AZ Micro Area",57503,1862,1838,349,1753,1921,1784,1809,3215,14455,18668,11354
3100000US43580,43580,"Sioux City, IA-NE-SD Metro Area",58592,1782,1380,2162,1399,1655,1378,3501,3715,16600,22007,12509
3100000US43620,43620,"Sioux Falls, SD Metro Area",93620,1884,4162,1722,2930,3699,4536,10408,5242,24236,37202,21593
3100000US43740,43740,"Somerset, PA Micro Area",38080,1160,2679,854,987,1037,342,701,2850,9409,11665,6691
3100000US43780,43780,"South Bend-Mishawaka, IN-MI Metro Area",140371,2467,2708,2254,3673,6523,5480,5485,7518,42815,47446,21534
3100000US43860,43860,"Southern Pines-Pinehurst, NC Micro Area",41483,1446,1626,872,1973,1283,171,566,1359,9389,12584,8411
3100000US43900,43900,"Spartanburg, SC Metro Area",122170,2781,1987,3409,3094,6543,2349,2896,5545,35656,40558,25089
3100000US44060,44060,"Spokane, WA Metro Area",197335,2798,8021,5706,6969,7812,11441,16101,12060,55908,70735,45969
3100000US44100,44100,"Springfield, IL Metro Area",96659,2187,5060,3214,3754,3599,2548,4717,5604,32172,30831,17798
3100000US44140,44140,"Springfield, MA Metro Area",285073,3684,8910,30264,22639,19798,10550,19198,29386,98048,96151,39331
3100000US44180,44180,"Springfield, MO Metro Area",186960,2410,3177,7738,3433,5725,8029,8822,8597,56816,71585,34668
3100000US44220,44220,"Springfield, OH Metro Area",62319,1599,1325,2911,2446,1766,1585,2539,3429,18214,19576,13387
3100000US44300,44300,"State College, PA Metro Area",58564,1530,4043,902,2132,3321,2992,6034,4235,16861,20847,9262
3100000US44340,44340,"Statesboro, GA Micro Area",27590,1286,178,838,1421,817,2309,571,1585,8421,9943,4087
3100000US44380,44380,"Statesville-Mooresville, NC Micro Area",69496,2048,1349,477,961,2698,2439,1031,2240,15259,26208,17536
3100000US44420,44420,"Staunton-Waynesboro, VA Micro Area",52698,1822,1130,1026,1999,2298,1190,1112,3098,12268,18229,15181
3100000US44620,44620,"Stevens Point, WI Micro Area",29680,1225,905,2444,1521,1499,1153,675,1383,8006,10782,7510
3100000US44660,44660,"Stillwater, OK Micro Area",33287,1449,1203,761,1323,1405,914,1860,1392,10879,10249,6155
3100000US44700,44700,"Stockton, CA Metro Area",228603,4725,11766,4711,10186,11218,5534,12043,15481,62790,75092,51693
3100000US44940,44940,"Sumter, SC Metro Area",45791,1723,499,1105,1377,1397,632,622,3550,12744,15055,8282
3100000US44980,44980,"Sunbury, PA Micro Area",43758,1363,8958,1980,2467,581,626,1713,3912,12509,14138,7708
3100000US45060,45060,"Syracuse, NY Metro Area",286181,3714,8971,22689,14862,15573,9876,18665,28017,92583,97039,40486
3100000US45180,45180,"Talladega-Sylacauga, AL Micro Area",36208,1656,869,813,477,1311,273,444,3071,9725,10321,7518
3100000US45220,45220,"Tallahassee, FL Metro Area",161213,3713,7780,5117,8646,7786,8442,10188,7969,51165,56467,27177
3100000US45300,45300,"Tampa-St. Petersburg-Clearwater, FL Metro Area",1322511,8600,72504,31245,52550,65055,88707,124386,73424,467446,417583,140469
3100000US45460,45460,"Terre Haute, IN Metro Area",75933,2060,877,1894,4123,3126,920,2125,4514,21393,26652,14129
3100000US45500,45500,"Texarkana, TX-Texarkana, AR Metro Area",57902,1960,558,2312,1978,2891,749,1307,3320,17235,18274,10423
3100000US45540,45540,"The Villages, FL Micro Area",43793,N,N,N,N,N,N,N,1399,14831,12496,7554
3100000US45640,45640,"Thomasville-Lexington, NC Micro Area",69537,2084,1295,2065,1184,1125,814,844,2498,18378,23521,17450
3100000US45780,45780,"Toledo, OH Metro Area",300624,3781,10471,14271,10359,13980,14483,16098,21227,96662,98355,44844
3100000US45820,45820,"Topeka, KS Metro Area",104753,2240,3379,1978,3516,4377,3611,4936,4885,31063,36021,26029
3100000US45860,45860,"Torrington, CT Micro Area",83415,1836,2682,7266,4104,3958,2210,2190,3148,21286,32082,17609
3100000US45900,45900,"Traverse City, MI Micro Area",79466,1673,1867,1206,1403,2940,1639,2231,2774,17122,24647,12378
3100000US45940,45940,"Trenton-Ewing, NJ Metro Area",140820,2571,27648,7247,7113,6224,11299,11269,15287,41201,50486,20931
3100000US46020,46020,"Truckee-Grass Valley, CA Micro Area",50164,1503,891,1572,1029,1011,1208,1127,1681,12351,15071,12426
3100000US46060,46060,"Tucson, AZ Metro Area",426382,4574,36290,6404,12276,15042,23556,33707,29571,147050,137117,62987
3100000US46100,46100,"Tullahoma, TN Micro Area",44868,1732,785,2796,677,1080,619,328,2677,11533,13354,12337
3100000US46140,46140,"Tulsa, OK Metro Area",401734,4040,7945,5505,14032,17358,19248,21515,23550,119670,141689,75424
3100000US46180,46180,"Tupelo, MS Micro Area",55100,2088,611,1557,1232,2305,500,410,2817,15207,18670,12770
3100000US46220,46220,"Tuscaloosa, AL Metro Area",97549,2382,2143,2807,2826,5312,6077,3886,7102,23182,31092,16669
3100000US46300,46300,"Twin Falls, ID Micro Area",38970,1596,904,1396,2221,582,588,804,1853,9765,15722,7767
3100000US46340,46340,"Tyler, TX Metro Area",77777,2002,1978,1641,1595,3740,1996,3045,4048,22493,29033,14045
3100000US46380,46380,"Ukiah, CA Micro Area",38987,1532,828,1117,1541,1000,483,1301,1585,11572,13276,8086
3100000US46540,46540,"Utica-Rome, NY Metro Area",136063,2462,2012,19964,8866,4510,2081,5327,12364,42323,43883,18269
3100000US46660,46660,"Valdosta, GA Metro Area",56417,1974,1031,1613,1290,3506,1227,1587,2713,16367,18469,11662
3100000US46700,46700,"Vallejo-Fairfield, CA Metro Area",150596,2485,6459,2315,7576,9419,5940,6965,5718,40174,51315,38829
3100000US47020,47020,"Victoria, TX Metro Area",49049,1769,947,1212,1890,1184,1031,1094,2274,14308,17016,7655
3100000US47220,47220,"Vineland-Millville-Bridgeton, NJ Metro Area",55822,1613,3199,2903,1938,3161,1181,1847,5905,16619,17955,10785
3100000US47260,47260,"Virginia Beach-Norfolk-Newport News, VA-NC Metro Area",684941,6016,77674,17803,28329,53727,35419,33893,42785,192197,238932,147854
3100000US47300,47300,"Visalia-Porterville, CA Metro Area",137822,2290,4001,4493,7578,4148,2215,2147,6712,39472,51244,26619
3100000US47380,47380,"Waco, TX Metro Area",92891,2295,1810,4686,4160,5274,5542,4831,6267,27730,34739,14332
3100000US47580,47580,"Warner Robins, GA Metro Area",58151,1697,1527,686,1821,4793,1192,1402,2939,16354,19435,12091
3100000US47700,47700,"Warsaw, IN Micro Area",36099,1234,536,976,846,1333,669,715,1973,9833,12726,6040
3100000US47900,47900,"Washington-Arlington-Alexandria, DC-VA-MD-WV Metro Area",2152321,8155,422743,19547,49112,105322,210952,300264,185353,666911,717084,411655
3100000US47940,47940,"Waterloo-Cedar Falls, IA Metro Area",70536,1932,1611,2559,2360,3761,2779,2380,4050,19668,25446,16534
3100000US48020,48020,"Watertown-Fort Atkinson, WI Micro Area",33859,1159,1020,1082,1249,1701,851,1914,1020,8639,12389,8651
3100000US48060,48060,"Watertown-Fort Drum, NY Micro Area",57779,1546,716,4376,5203,2978,1084,2328,2881,15243,19722,7126
3100000US48140,48140,"Wausau, WI Metro Area",57804,1473,1751,4483,1192,2701,1228,1730,3147,13958,23285,13602
3100000US48260,48260,"Weirton-Steubenville, WV-OH Metro Area",59556,1992,507,3498,2486,1668,912,1400,5510,18082,19981,9408
3100000US48300,48300,"Wenatchee, WA Metro Area",48477,1751,1491,1942,1618,1134,908,2726,2656,10332,17181,9219
3100000US48540,48540,"Wheeling, WV-OH Metro Area",69523,1801,2145,3949,2817,2359,578,2422,5874,21623,22841,11183
3100000US48580,48580,"Whitewater, WI Micro Area",50268,1440,1937,2085,2943,5202,598,1889,1504,10868,15138,9199
3100000US48620,48620,"Wichita, KS Metro Area",260528,3353,7632,10439,10222,7436,10666,13917,14126,76336,92415,58666
3100000US48660,48660,"Wichita Falls, TX Metro Area",65002,2008,1118,1650,2766,2718,1217,2542,2764,18205,23467,11715
3100000US48700,48700,"Williamsport, PA Metro Area",53935,1670,2563,2454,2366,2099,1200,2620,4838,15593,17158,10189
3100000US48740,48740,"Willimantic, CT Micro Area",47151,1679,1079,3562,3955,2576,1257,906,2070,13053,17082,10464
3100000US48900,48900,"Wilmington, NC Metro Area",201149,3851,7311,4058,6362,7582,8541,6329,9333,46787,62657,29144
3100000US48980,48980,"Wilson, NC Micro Area",34380,1565,650,3457,1343,1404,250,428,2922,12085,10397,6162
3100000US49020,49020,"Winchester, VA-WV Metro Area",53429,1691,3252,1265,1489,1557,2110,491,2207,14935,17529,11741
3100000US49180,49180,"Winston-Salem, NC Metro Area",209823,2960,5684,2088,5821,11369,13536,8352,12785,57711,68470,45830
3100000US49300,49300,"Wooster, OH Micro Area",45922,1173,1477,2917,1732,2224,690,506,4138,12320,16925,9606
3100000US49340,49340,"Worcester, MA Metro Area",317126,3377,17192,27612,37013,18190,12254,18898,19856,96303,123842,52766
3100000US49420,49420,"Yakima, WA Metro Area",83696,2110,1512,4646,3362,3364,1601,2003,4113,20612,28057,24627
3100000US49620,49620,"York-Hanover, PA Metro Area",175639,3361,27121,8175,5972,4781,2914,4788,10230,48761,64455,42230
3100000US49660,49660,"Youngstown-Warren-Boardman, OH-PA Metro Area",262701,3458,7797,10468,10763,9291,5579,9463,17210,87220,87512,42996
3100000US49700,49700,"Yuba City, CA Metro Area",62081,1776,2505,1877,3138,2127,1422,2410,2834,16089,22777,14515
3100000US49740,49740,"Yuma, AZ Metro Area",87509,2192,2796,935,2288,2699,2038,2713,4352,30508,23886,10624
3100000US49780,49780,"Zanesville, OH Micro Area",35463,1217,574,1463,1271,1744,163,774,2232,9268,13492,7294
