GEO.id,GEO.id2,GEO.display-label,HC01_EST_VC02,HC02_EST_VC06,HC01_EST_VC10,HC01_EST_VC20,HC01_EST_VC21,HC01_EST_VC22,HC01_EST_VC23,HC01_EST_VC24,HC01_EST_VC25,HC01_EST_VC26,HC01_EST_VC27,HC01_EST_VC30,HC01_EST_VC31,HC01_EST_VC32,HC01_EST_VC34,HC01_EST_VC35,HC01_EST_VC53,HC01_EST_VC54,HC01_EST_VC55,HC01_EST_VC69
Id,Id2,Geography,Number; Estimate; EMPLOYMENT STATUS - Population 16 years and over,Percent; Estimate; EMPLOYMENT STATUS - Population 16 years and over - In labor force - Civilian labor force - Unemployed,Number; Estimate; EMPLOYMENT STATUS - Civilian labor force - Percent Unemployed,Number; Estimate; COMMUTING TO WORK - Workers 16 years and over,"Number; Estimate; COMMUTING TO WORK - Workers 16 years and over - Car, truck, or van -- drove alone","Number; Estimate; COMMUTING TO WORK - Workers 16 years and over - Car, truck, or van -- carpooled",Number; Estimate; COMMUTING TO WORK - Workers 16 years and over - Public transportation (excluding taxicab),Number; Estimate; COMMUTING TO WORK - Workers 16 years and over - Walked,Number; Estimate; COMMUTING TO WORK - Workers 16 years and over - Other means,Number; Estimate; COMMUTING TO WORK - Workers 16 years and over - Worked at home,Number; Estimate; COMMUTING TO WORK - Workers 16 years and over - Mean travel time to work (minutes),"Number; Estimate; OCCUPATION - Civilian employed population 16 years and over - Management, professional, and related occupations",Number; Estimate; OCCUPATION - Civilian employed population 16 years and over - Service occupations,Number; Estimate; OCCUPATION - Civilian employed population 16 years and over - Sales and office occupations,"Number; Estimate; OCCUPATION - Civilian employed population 16 years and over - Construction, extraction, maintenance and repair occupations","Number; Estimate; OCCUPATION - Civilian employed population 16 years and over - Production, transportation, and material moving occupations",Number; Estimate; CLASS OF WORKER - Civilian employed population 16 years and over - Private wage and salary workers,Number; Estimate; CLASS OF WORKER - Civilian employed population 16 years and over - Government workers,Number; Estimate; CLASS OF WORKER - Civilian employed population 16 years and over - Self-employed workers in own not incorporated business,Number; Estimate; INCOME AND BENEFITS (IN 2008 INFLATION-ADJUSTED DOLLARS) - Total households - Median household income (dollars)
3100000US10140,10140,"Aberdeen, WA Micro Area",57802,4.8,8.1,30195,23006,4326,438,1654,69,702,22.7,8535,5858,7788,4577,3302,21718,7488,2089,41464
3100000US10180,10180,"Abilene, TX Metro Area",125237,1.7,2.8,74969,62316,7358,170,1966,1495,1664,17.9,24474,12770,17178,8460,7777,53635,13444,4413,41961
3100000US10300,10300,"Adrian, MI Micro Area",80806,5.7,8.7,46486,37171,4485,0,1517,128,3185,24.5,14040,7976,10151,4603,8471,39165,6333,2339,50369
3100000US10420,10420,"Akron, OH Metro Area",557275,5.1,7.4,346231,292377,25902,5436,9408,2782,10326,22.9,127428,59521,89796,24265,51595,300998,36054,15769,50036
3100000US10500,10500,"Albany, GA Metro Area",125999,5.9,9.7,67604,53192,9252,305,1957,702,2196,18.6,21402,12911,17139,5292,10736,50016,15721,3089,38989
3100000US10540,10540,"Albany-Lebanon, OR Micro Area",90791,3.1,5.1,52676,40380,5367,343,1244,1131,4211,21.9,13135,10445,12183,5868,10707,43495,5290,4848,45571
3100000US10580,10580,"Albany-Schenectady-Troy, NY Metro Area",695334,3.7,5.5,431154,341642,38987,14678,15667,4491,15689,22.7,173808,73581,121502,33603,37233,315021,103302,22520,58765
3100000US10700,10700,"Albertville, AL Micro Area",67991,2.6,4.4,36471,30525,4325,0,400,263,958,24.6,10601,5893,7746,3941,9467,30523,4512,2985,35205
3100000US10740,10740,"Albuquerque, NM Metro Area",653003,3.6,5.5,395827,304071,49451,7948,7387,10600,16370,24.1,149917,63478,104718,40664,41304,300133,78227,23688,47198
3100000US10780,10780,"Alexandria, LA Metro Area",117654,3.8,6.5,62659,50965,7969,479,1064,1288,894,23.4,19562,13994,15554,7007,7165,47765,14153,2269,42595
3100000US10880,10880,"Allegan, MI Micro Area",87682,3.6,5.4,54154,46414,3958,352,850,643,1937,21.3,13367,8681,13903,6266,12726,47269,4403,3732,49201
3100000US10900,10900,"Allentown-Bethlehem-Easton, PA-NJ Metro Area",648848,3.8,5.7,394293,319979,39310,8579,9568,3166,13691,27.9,141675,57054,104767,36963,62548,336832,44353,21526,58811
3100000US11020,11020,"Altoona, PA Metro Area",102283,4,6.6,57642,46727,6957,26,1851,756,1325,19,15884,10558,16217,5276,10531,48102,7556,3101,40333
3100000US11100,11100,"Amarillo, TX Metro Area",185171,2,2.9,119830,98507,12668,1020,2304,1310,4021,16.7,33609,25647,30642,12003,19346,93427,20388,7937,47822
3100000US11180,11180,"Ames, IA Metro Area",72884,1.5,2.1,50037,34674,5198,3021,4381,1646,1117,16.8,21137,9611,12657,3281,5146,35249,15377,1561,48076
3100000US11260,11260,"Anchorage, AK Metro Area",280829,5.7,8,183370,136353,26128,2805,5520,5399,7165,21.6,67814,30294,46563,21098,16589,134021,36994,11389,75035
3100000US11300,11300,"Anderson, IN Metro Area",105179,6.1,9.9,57234,44858,7701,357,1563,1218,1537,26,16308,11242,14085,5424,11105,47768,7218,3031,44133
3100000US11340,11340,"Anderson, SC Metro Area",145003,5.2,8.4,80187,69093,7453,255,847,883,1656,21.4,26628,11694,20743,7935,15363,65923,10990,5330,45178
3100000US11460,11460,"Ann Arbor, MI Metro Area",281436,4.3,6.8,162662,119779,13710,6818,9371,3537,9447,23.3,84048,26968,36293,6333,13383,124193,34665,8163,57848
3100000US11500,11500,"Anniston-Oxford, AL Metro Area",90414,5.4,9,48297,39076,6803,297,228,822,1071,22.1,11991,7704,13064,7219,9738,35103,12445,2223,40056
3100000US11540,11540,"Appleton, WI Metro Area",170801,3.2,4.4,118903,98933,9723,750,3129,2621,3747,20.3,37602,16554,30300,10487,25354,105005,9548,6341,54848
3100000US11700,11700,"Asheville, NC Metro Area",332620,3.6,5.8,186301,146402,21368,789,3198,2457,12087,21.9,64134,35424,44786,22835,23702,149595,24931,16580,43180
3100000US11780,11780,"Ashtabula, OH Micro Area",79922,5.2,8.3,44670,37270,5072,0,685,478,1165,26.9,12981,7617,8370,4920,11086,38167,4908,2250,42417
3100000US11980,11980,"Athens, TX Micro Area",62593,3.8,6.8,32261,24080,6775,0,182,11,1213,30.6,8881,6366,7316,4532,5686,24834,4589,3406,42139
3100000US12020,12020,"Athens-Clarke County, GA Metro Area",155654,3.5,5.4,92497,69592,11986,2173,3087,1860,3799,20.8,34863,18660,23414,6536,10371,63241,25619,5185,41424
3100000US12060,12060,"Atlanta-Sandy Springs-Marietta, GA Metro Area",4086985,5.2,7.2,2639723,2018955,299215,94372,32297,45436,149448,30.4,1038558,400794,724394,247320,283784,2179863,358548,156469,60682
3100000US12100,12100,"Atlantic City-Hammonton, NJ Metro Area",212998,3.8,5.7,129040,99337,12070,7529,5252,2047,2805,23.8,36291,43742,32049,10061,10043,104469,21541,6707,52696
3100000US12180,12180,"Auburn, NY Micro Area",65493,4.3,6.6,39167,31800,3482,403,1657,376,1449,20.3,10922,6896,9013,4837,7469,30113,7323,2312,48495
3100000US12220,12220,"Auburn-Opelika, AL Metro Area",106987,3.6,5.8,61828,49586,6380,559,2117,1163,2023,20.2,22370,9550,16480,5735,7747,46732,12507,2589,41787
3100000US12260,12260,"Augusta-Richmond County, GA-SC Metro Area",416776,4.3,7.3,232480,185423,31587,2007,6074,2283,5106,22.9,75018,43014,52442,22116,34642,170312,45796,11769,44291
3100000US12300,12300,"Augusta-Waterville, ME Micro Area",99023,4,6.1,59355,47946,5397,169,1964,1528,2351,23,21300,10913,16578,5691,6083,43819,11923,4908,46314
3100000US12420,12420,"Austin-Round Rock, TX Metro Area",1263149,3.9,5.4,851367,620680,112235,25643,13397,26457,52955,25.2,365948,130241,214824,86606,66278,662510,144543,56728,59221
3100000US12540,12540,"Bakersfield, CA Metro Area",588975,5.4,9.2,312742,237730,53519,2875,4782,5822,8014,22.8,80663,62009,70540,35482,41649,227544,64718,20289,44733
3100000US12580,12580,"Baltimore-Towson, MD Metro Area",2116768,3.8,5.5,1349410,1023932,136169,88486,38818,17046,44959,29.6,575804,216813,350898,111856,113923,1037861,272431,59359,66122
3100000US12620,12620,"Bangor, ME Metro Area",122301,3.4,5.2,74534,57330,8450,927,3056,1563,3208,23,24523,14160,19087,7280,10995,60209,11352,5141,42935
3100000US12700,12700,"Barnstable Town, MA Metro Area",186913,2.8,4.6,105938,86092,8733,758,2860,1725,5770,24.8,39049,20110,29326,12286,7332,79629,15259,13685,57314
3100000US12940,12940,"Baton Rouge, LA Metro Area",601675,3.3,5.1,366361,307954,35403,3225,6926,4437,8416,26.3,124711,61083,100347,45044,44045,287731,68994,18852,48491
3100000US12980,12980,"Battle Creek, MI Metro Area",107744,6,9.5,59968,48096,6885,454,2360,534,1639,20.3,16004,11750,16511,5490,11638,50064,8371,3141,41181
3100000US13020,13020,"Bay City, MI Metro Area",86471,4.5,7.2,49116,40935,4569,251,1096,1004,1261,21.6,14646,10277,12996,4157,8028,42821,5617,1989,45913
3100000US13140,13140,"Beaumont-Port Arthur, TX Metro Area",299306,3.2,5.6,158957,133498,16039,729,3377,2892,2422,21.1,48973,27213,38204,23353,25284,129586,23132,10827,47772
3100000US13180,13180,"Beaver Dam, WI Micro Area",71326,2.5,3.5,46964,36368,5333,334,2287,1063,1579,21.9,13962,7121,9768,4605,11771,39474,5671,2600,52397
3100000US13220,13220,"Beckley, WV Micro Area",N,N,N,31010,26089,1575,54,1186,1271,835,24,8789,5808,9298,4175,3745,24793,5973,1116,33803
3100000US13380,13380,"Bellingham, WA Metro Area",158648,5.7,8.4,96175,68913,11283,3418,3601,3810,5150,21.2,30293,19153,26443,8002,12611,76189,15592,6627,47127
3100000US13460,13460,"Bend, OR Metro Area",127010,4,6.1,76841,60369,5444,573,2722,1757,5976,18.4,25601,12687,22451,9344,8088,60089,9262,8869,51487
3100000US13740,13740,"Billings, MT Metro Area",120301,1.9,2.8,81021,63642,7811,1851,2962,1524,3231,17.5,24119,14931,23950,7495,11073,65966,9733,5717,50129
3100000US13780,13780,"Binghamton, NY Metro Area",201991,3.3,5.3,117799,90579,13063,2475,4023,2251,5408,19.5,43150,21277,30757,7574,17379,89933,24330,5972,45181
3100000US13820,13820,"Birmingham-Hoover, AL Metro Area",874895,4.1,6.4,517584,428063,61065,4554,5394,4350,14158,26.2,177445,76976,152296,52401,67251,422006,73846,30518,49320
3100000US13900,13900,"Bismarck, ND Metro Area",83638,2.1,2.7,60641,50839,5796,172,1260,557,2017,17.3,22805,10764,15893,5923,5328,44363,12694,4078,53620
3100000US13980,13980,"Blacksburg-Christiansburg-Radford, VA Metro Area",135840,3.4,5.7,73754,56616,7390,1401,3061,1813,3473,18.5,27793,14155,16436,6072,11200,51403,21626,2860,41402
3100000US14020,14020,"Bloomington, IN Metro Area",152246,4.2,6.7,88148,66159,10238,2534,4972,1161,3084,21.7,36243,14457,19091,8142,11754,64756,20050,5083,39688
3100000US14060,14060,"Bloomington-Normal, IL Metro Area",131908,4.2,6,87248,69241,8186,859,5159,883,2920,16.2,35462,15401,24331,5351,7413,69757,14681,3843,58117
3100000US14100,14100,"Bloomsburg-Berwick, PA Micro Area",70143,2.2,3.6,40259,32520,3424,13,2281,547,1474,21.5,11725,7890,9056,4125,8522,33510,5866,2193,43457
3100000US14140,14140,"Bluefield, WV-VA Micro Area",85795,2.5,5.1,38799,31861,4748,74,330,757,1029,24,11926,7513,10109,4889,5631,32544,5808,1981,33654
3100000US14260,14260,"Boise City-Nampa, ID Metro Area",449764,4.6,6.7,283665,219619,31103,1332,5093,12861,13657,21.3,103851,43095,74685,26980,34167,226620,40219,19515,51972
3100000US14460,14460,"Boston-Cambridge-Quincy, MA-NH Metro Area",3646210,3.9,5.6,2349261,1623583,193440,274143,119019,41955,97121,28.6,1079822,375218,599837,157596,192929,1960521,293355,152679,71361
3100000US14500,14500,"Boulder, CO Metro Area",238571,2.8,3.9,160106,107389,13556,8768,6083,8068,16242,21.3,82758,23857,33754,10034,11364,124594,23391,14099,66463
3100000US14540,14540,"Bowling Green, KY Metro Area",93099,3.9,6,56839,44699,8436,212,1469,764,1259,19.5,18309,10628,14388,4396,9020,45353,9192,3261,42177
3100000US14580,14580,"Bozeman, MT Micro Area",75030,3.2,4.5,49898,36316,6332,251,3372,1205,2422,18.4,18271,7613,13644,6891,4398,38402,8949,4372,53081
3100000US14600,14600,"Bradenton-Sarasota-Venice, FL Metro Area",574539,5,8.9,285651,229424,28177,1773,3157,6842,16278,22.2,91735,57818,84190,31224,24277,239293,33118,19284,47448
3100000US14660,14660,"Brainerd, MN Micro Area",73272,4.4,6.9,43109,34781,3844,414,772,805,2493,21.6,14797,8788,9956,4919,4854,33042,6804,3810,44758
3100000US14700,14700,"Branson, MO Micro Area",61808,3.4,5.4,35084,27711,6000,0,536,74,763,20.9,8947,7372,11810,5482,2595,30361,2645,3208,43266
3100000US14740,14740,"Bremerton-Silverdale, WA Metro Area",191902,3.6,6.2,113066,74647,14895,8768,4567,3468,6721,30.7,39679,19891,23933,13270,9087,72756,26569,6604,59333
3100000US14860,14860,"Bridgeport-Stamford-Norwalk, CT Metro Area",696822,4.6,6.8,430622,309882,35702,39928,14802,4905,25403,28.9,194494,71433,105224,36071,34676,358906,44251,39062,84545
3100000US15180,15180,"Brownsville-Harlingen, TX Metro Area",271673,3.4,6.1,137820,109431,17098,1380,2838,3919,3154,19.3,38989,29693,39878,14228,16629,96646,30944,12371,30622
3100000US15260,15260,"Brunswick, GA Metro Area",78712,3.1,5.2,43965,36517,5892,44,153,76,1283,20.5,14134,8550,11470,4299,5618,33649,7764,2766,47293
3100000US15380,15380,"Buffalo-Niagara Falls, NY Metro Area",914812,4.2,6.5,535589,431856,46012,18350,16123,7735,15513,21.1,194674,101120,148628,37465,65709,441715,84684,21923,47897
3100000US15500,15500,"Burlington, NC Metro Area",116994,3.7,5.4,73723,60290,9386,270,867,632,2278,21.9,21727,11646,20879,7785,12578,57903,12162,4417,42822
3100000US15540,15540,"Burlington-South Burlington, VT Metro Area",169148,3.3,4.6,114053,81398,12790,2294,8803,2554,6214,21.5,46322,20693,28708,9191,11419,92343,17029,7294,60499
3100000US15940,15940,"Canton-Massillon, OH Metro Area",327320,4.5,7,193304,164039,17227,2240,2973,1420,5405,23,57554,38224,49780,15173,36277,166768,19770,10329,44488
3100000US15980,15980,"Cape Coral-Fort Myers, FL Metro Area",483214,4.9,8.5,248320,191112,35867,1813,2013,4058,13457,25.5,75745,50520,73963,32036,19848,204352,30154,17804,50747
3100000US16020,16020,"Cape Girardeau-Jackson, MO-IL Micro Area",72869,3.2,4.7,45102,35879,5472,256,1584,420,1491,21,11690,8955,13237,5203,6566,36280,6660,2924,40098
3100000US16220,16220,"Casper, WY Metro Area",57074,2.7,3.9,37404,30254,4511,234,439,1064,902,17.7,11917,6273,9704,4869,5112,29290,5854,2801,50756
3100000US16300,16300,"Cedar Rapids, IA Metro Area",200592,2.6,3.7,133557,108611,13241,1240,4351,2141,3973,20,49485,20377,34087,11880,19183,114770,13648,7248,53696
3100000US16500,16500,"Centralia, WA Micro Area",58799,4.2,7.3,29663,23949,3768,91,774,86,995,27.3,8471,5773,7227,3406,5506,21466,6777,2929,42513
3100000US16540,16540,"Chambersburg, PA Micro Area",113826,2.5,3.9,70393,57184,7953,261,2315,744,1936,24.1,21690,11115,16418,7871,13769,55377,10795,4899,54145
3100000US16580,16580,"Champaign-Urbana, IL Metro Area",183214,3.2,5,111748,77414,12127,4882,9983,3034,4308,17.8,47212,20144,25128,8791,10669,77420,28883,6494,46599
3100000US16620,16620,"Charleston, WV Metro Area",243567,3.6,6.3,127625,103609,13370,1560,3485,1096,4505,23.4,44187,23370,35262,12987,14922,98940,24607,6623,42932
3100000US16700,16700,"Charleston-North Charleston-Summerville, SC Metro Area",505077,4.5,6.9,310621,251012,32502,3113,7548,4554,11892,24.7,106102,50246,82514,31175,34364,233758,54665,16882,52302
3100000US16740,16740,"Charlotte-Gastonia-Concord, NC-SC Metro Area",1303775,4.8,6.6,859404,679053,100454,19922,10690,8787,40498,25,317368,124492,242593,87028,102755,738479,89153,46585,54967
3100000US16820,16820,"Charlottesville, VA Metro Area",157585,2.5,3.8,98003,71295,10789,2946,4566,2789,5618,22.9,46796,15139,22792,7212,7182,66319,26017,7905,56833
3100000US16860,16860,"Chattanooga, TN-GA Metro Area",413989,5.2,8.1,241624,198092,30428,1439,3471,2196,5998,23.3,83879,45215,62727,20311,34576,193174,35555,18004,45321
3100000US16940,16940,"Cheyenne, WY Metro Area",67574,2.5,3.7,45603,37715,4385,396,722,1267,1118,14.9,13543,7551,12989,4024,5651,29845,11653,2344,56820
3100000US16980,16980,"Chicago-Naperville-Joliet, IL-IN-WI Metro Area",7400350,4.9,7.1,4627103,3280831,422827,523712,134429,75637,189667,31.6,1718795,760914,1237894,369064,637451,3980362,529050,215670,61295
3100000US17020,17020,"Chico, CA Metro Area",181378,6.9,11.9,90343,67720,10548,942,3638,3489,4006,21.3,32100,20642,23090,8271,6951,67812,15849,9168,40101
3100000US17060,17060,"Chillicothe, OH Micro Area",61565,6.4,11.2,30520,26122,3217,214,346,39,582,26.3,8398,6184,7277,2831,6545,23045,6612,1584,43966
3100000US17140,17140,"Cincinnati-Middletown, OH-KY-IN Metro Area",1679849,3.9,5.8,1057649,868417,94751,27133,20766,9778,36804,24.2,382467,175298,289270,83894,144573,906019,115500,55538,54059
3100000US17220,17220,"Clarksburg, WV Micro Area",73858,2.4,4.2,40411,31423,5404,317,1927,229,1111,26,11562,7941,9990,6106,5460,31110,7723,2284,36726
3100000US17300,17300,"Clarksville, TN-KY Metro Area",193598,4.2,7.5,112467,89679,13919,410,3131,1740,3588,23.8,28106,17121,24697,9029,19918,74158,17987,7181,44201
3100000US17340,17340,"Clearlake, CA Micro Area",52294,5.8,10.1,26095,20303,2792,184,1051,710,1055,28.7,N,N,N,N,N,18309,5852,2896,40538
3100000US17420,17420,"Cleveland, TN Metro Area",90587,5.1,8.3,50447,41983,5377,0,621,1096,1370,21.6,14784,8029,10916,5568,11718,41206,6166,3589,38977
3100000US17460,17460,"Cleveland-Elyria-Mentor, OH Metro Area",1660406,5.1,7.8,992458,810338,80375,39183,20464,11118,30980,24,352751,175845,264218,70211,147574,845484,116530,49594,49206
3100000US17660,17660,"Coeur d'Alene, ID Metro Area",108070,3.5,5.3,65504,50812,8243,355,1100,703,4291,20.9,18585,13022,17833,9802,8009,55388,7074,4870,50047
3100000US17780,17780,"College Station-Bryan, TX Metro Area",168385,3,4.8,99540,75759,11273,2083,3114,4049,3262,17.9,39436,18350,24041,10009,7729,66744,28706,5209,37723
3100000US17820,17820,"Colorado Springs, CO Metro Area",476040,3.9,6,308655,238313,31888,4980,11166,3895,18413,22.6,121078,51645,71451,25897,23002,229763,46674,17088,58911
3100000US17860,17860,"Columbia, MO Metro Area",132564,3.8,5.3,87554,66743,10378,504,4539,1784,3606,18.5,37496,15475,22779,5833,7187,63553,21403,3829,46777
3100000US17900,17900,"Columbia, SC Metro Area",568723,4.4,6.8,352391,280305,32476,3811,6327,9976,19496,23.5,129240,57561,87024,31504,38007,251820,73028,19242,48841
3100000US17940,17940,"Columbia, TN Micro Area",63862,2.9,4.4,39514,32771,5096,0,56,234,1357,24.8,10577,7299,11685,3943,6644,33067,4194,3299,46596
3100000US17980,17980,"Columbus, GA-AL Metro Area",223679,3.9,6.9,133030,96946,14726,1630,1140,2221,16367,20.7,35669,23887,32542,8533,15765,86602,24096,5730,38559
3100000US18020,18020,"Columbus, IN Metro Area",58361,4.6,7.1,35071,28531,3547,197,240,1328,1228,19.7,14449,4592,6586,2325,7150,30692,3601,1387,50933
3100000US18140,18140,"Columbus, OH Metro Area",1369746,3.9,5.5,884467,728548,75124,14877,18147,12100,35671,23,358825,138527,237996,61655,104259,724075,130631,47683,54393
3100000US18180,18180,"Concord, NH Micro Area",120631,3.1,4.5,77829,64195,5514,373,2755,1784,3208,26.3,33295,12097,17930,6910,8283,61070,12996,5325,66894
3100000US18260,18260,"Cookeville, TN Micro Area",84630,3.6,6,46074,39620,4204,35,245,428,1542,24,12967,8213,11240,5275,8937,34548,7229,5273,34257
3100000US18300,18300,"Coos Bay, OR Micro Area",53234,4.8,8.7,26408,20086,2853,0,1366,782,1321,20,6885,5570,6946,2585,3955,20227,4091,2368,34832
3100000US18500,18500,"Corning, NY Micro Area",78139,4.9,8.1,42859,33667,4635,76,2351,402,1728,20.8,14371,7204,9175,4789,7722,32480,7569,3512,43397
3100000US18580,18580,"Corpus Christi, TX Metro Area",317276,4,6.2,191850,147789,21453,1941,4708,8852,7107,19,56633,36590,47246,24758,24473,142796,35452,12978,45869
3100000US18700,18700,"Corvallis, OR Metro Area",68819,4.2,7,37255,25851,3326,969,2735,1971,2403,17.7,18537,4622,8351,3048,2927,26647,9109,2254,53505
3100000US18980,18980,"Cullman, AL Micro Area",64979,3.5,6.2,33833,26745,5506,52,302,604,624,26.9,8588,5021,7885,5356,7343,28252,3815,2451,39229
3100000US19060,19060,"Cumberland, MD-WV Metro Area",82794,4.8,8.2,43518,35315,5121,174,1636,339,933,25.7,12325,10156,10298,4946,6860,33695,8338,2626,41654
3100000US19100,19100,"Dallas-Fort Worth-Arlington, TX Metro Area",4723687,3.8,5.4,3117005,2476995,369641,51792,39014,51047,128516,27,1099534,474093,859293,358934,381000,2628604,347238,196417,56377
3100000US19140,19140,"Dalton, GA Metro Area",99189,4.4,6.5,62264,52202,7268,190,262,1332,1010,21.2,12324,7365,14861,6546,21662,52260,6997,3659,42904
3100000US19180,19180,"Danville, IL Metro Area",63482,5.5,8.7,35968,28326,3927,258,1384,655,1418,18.8,7891,5943,9928,3753,8852,28308,5152,2925,41532
3100000US19260,19260,"Danville, VA Metro Area",86530,4.7,7.8,46810,36103,6687,450,1306,1281,983,23.1,12226,7746,12358,4858,9983,36680,7493,3500,34785
3100000US19300,19300,"Daphne-Fairhope-Foley, AL Micro Area",139003,2.7,4.3,81260,69436,7972,170,1296,335,2051,25.5,24547,14733,23683,10000,8597,65288,11350,5542,52320
3100000US19340,19340,"Davenport-Moline-Rock Island, IA-IL Metro Area",299213,3.2,4.8,190137,161237,18094,992,4423,1116,4275,19.5,59534,33358,49482,17121,33252,161744,23440,8188,48977
3100000US19380,19380,"Dayton, OH Metro Area",667045,4.6,7.2,394282,318911,41481,7903,9810,4501,11676,20.8,138800,70204,102477,28240,58891,322132,59498,17128,48164
3100000US19460,19460,"Decatur, AL Metro Area",118371,4.6,7.1,69697,57682,8593,369,578,433,2042,22.8,20188,9887,16978,9174,14643,57202,8268,5768,47003
3100000US19500,19500,"Decatur, IL Metro Area",86867,3.4,5.4,50665,44169,3338,519,834,1281,524,18,15627,8014,13470,5054,8718,42138,6685,2286,45649
3100000US19660,19660,"Deltona-Daytona Beach-Ormond Beach, FL Metro Area",412938,3.4,5.9,219507,179573,19575,1575,2347,5589,10848,25.5,71561,47240,60605,23138,19251,180559,29143,12793,46139
3100000US19740,19740,"Denver-Aurora, CO Metro Area",1934363,3.5,4.8,1319699,984442,138794,64447,27700,27481,76835,27,525657,216683,347346,132762,121685,1094042,161731,88218,60344
3100000US19780,19780,"Des Moines-West Des Moines, IA Metro Area",422766,2.7,3.6,301034,242311,33843,4813,6270,2363,11434,19.8,119008,42428,87500,24201,31477,253238,37240,14934,57854
3100000US19820,19820,"Detroit-Warren-Livonia, MI Metro Area",3472736,6.7,10.4,1959840,1641060,173477,35182,29113,21050,59958,26.4,709696,354006,523888,139724,279985,1707288,205133,93317,52451
3100000US20020,20020,"Dothan, AL Metro Area",110808,3.9,6.3,61174,52340,6011,35,474,1116,1198,22.2,17544,10217,17044,8225,9551,51938,6894,4289,40728
3100000US20100,20100,"Dover, DE Metro Area",120550,3.6,5.7,74781,61185,8938,754,645,1488,1771,25.9,22553,13301,18644,7242,9125,52683,15781,2682,56039
3100000US20180,20180,"DuBois, PA Micro Area",68998,5.1,8.9,34876,29724,3257,33,654,412,796,22.8,9191,7324,7479,4022,7536,29286,4533,2188,36930
3100000US20220,20220,"Dubuque, IA Metro Area",73401,2,2.7,51056,41036,4885,824,2567,406,1338,16.6,16775,9752,12098,4444,8445,43577,5353,2646,49023
3100000US20260,20260,"Duluth, MN-WI Metro Area",226274,3.7,5.9,130359,101973,13339,2501,5060,1907,5579,19.4,46740,27273,32152,12132,14581,103408,23106,6733,44669
3100000US20380,20380,"Dunn, NC Micro Area",85716,5.8,9.7,49456,39125,7513,0,782,654,1382,28.4,12225,8472,10830,6766,7825,36275,7982,2553,43547
3100000US20500,20500,"Durham, NC Metro Area",389773,4.1,6,242914,178576,34415,7572,7129,5188,10034,23.6,112608,39424,50880,21768,22754,187303,48668,13141,52367
3100000US20620,20620,"East Liverpool-Salem, OH Micro Area",87469,5,7.9,49255,41109,4897,347,935,458,1509,23,13295,9400,10780,5747,11239,41802,6252,2568,40941
3100000US20700,20700,"East Stroudsburg, PA Micro Area",131122,5.7,8.4,78972,57246,10775,4669,2797,814,2671,40.5,26599,14263,20833,8085,11688,65874,10848,4870,56838
3100000US20740,20740,"Eau Claire, WI Metro Area",128626,3.7,5.2,87037,68940,8042,601,4112,2107,3235,19.6,26940,15425,20192,8993,15747,70746,10222,7020,49385
3100000US20940,20940,"El Centro, CA Metro Area",121371,8,14.2,56041,41542,8337,384,2786,924,2068,19.6,14059,12882,16637,4741,6151,38129,15807,3654,37936
3100000US21060,21060,"Elizabethtown, KY Metro Area",87176,2.8,5.2,49923,40704,5215,0,626,722,2656,21.8,13791,8103,10814,4830,6218,31458,10475,1962,47383
3100000US21140,21140,"Elkhart-Goshen, IN Metro Area",149131,5.5,7.7,96052,75277,12953,461,1696,2272,3393,18.7,25036,13883,20555,8431,29920,83976,8212,5888,49507
3100000US21300,21300,"Elmira, NY Metro Area",71126,3.6,6.1,38616,30353,3677,330,1841,1307,1108,18.9,13110,7243,9640,3177,6140,29658,7104,2534,41607
3100000US21340,21340,"El Paso, TX Metro Area",536093,2.9,4.9,309747,244995,34092,5552,5671,10408,9029,22.5,86794,61255,83543,29620,40710,222338,58608,21174,36485
3100000US21460,21460,"Enterprise-Ozark, AL Micro Area",74938,2.8,4.9,43314,35863,3776,66,1529,591,1489,21.3,12087,6355,10060,5290,6946,30220,8827,2164,44254
3100000US21500,21500,"Erie, PA Metro Area",223524,4.5,7.2,125902,100499,14677,946,4565,2363,2852,19,41463,23004,34749,9252,19522,106186,14448,7432,44247
3100000US21660,21660,"Eugene-Springfield, OR Metro Area",285120,4.1,6.5,165480,115614,17281,7915,7861,9221,7588,19.6,56500,27870,45451,13472,23193,131745,25748,11614,43343
3100000US21700,21700,"Eureka-Arcata-Fortuna, CA Micro Area",106022,5.2,8.5,56664,40002,6870,642,2144,3020,3986,18,18845,13041,14522,6055,5492,37218,13851,8167,39750
3100000US21780,21780,"Evansville, IN-KY Metro Area",279197,2.9,4.5,170513,142447,17122,1334,4068,2249,3293,20.3,50310,30408,45341,18432,28956,148975,16792,8111,43342
3100000US21820,21820,"Fairbanks, AK Metro Area",72746,3.7,5.4,50602,33825,8950,549,1491,1416,4371,18.2,16464,6025,12840,7438,4349,29127,13600,3785,69103
3100000US22020,22020,"Fargo, ND-MN Metro Area",155593,2.7,3.7,109965,89871,9176,826,4098,2314,3680,16.1,38856,18629,28224,10071,14904,90757,14343,6093,46532
3100000US22140,22140,"Farmington, NM Metro Area",91928,2.7,4.3,54272,46074,5959,0,916,380,943,24.8,12449,8585,13978,11539,8315,43536,8776,2791,47096
3100000US22180,22180,"Fayetteville, NC Metro Area",267461,4.3,7.9,168676,130356,17389,599,3541,2099,14692,21.4,46546,26953,31050,11837,17459,95045,31165,8367,44091
3100000US22220,22220,"Fayetteville-Springdale-Rogers, AR-MO Metro Area",334935,2.8,4.2,208507,164259,25292,758,7066,3653,7479,21.5,67047,32885,57649,21477,34197,175576,24062,14286,43994
3100000US22300,22300,"Findlay, OH Micro Area",59412,1.8,2.5,39598,33466,3113,7,1122,376,1514,17.5,12107,4446,11641,3656,8652,35806,3097,1783,51386
3100000US22380,22380,"Flagstaff, AZ Metro Area",99663,3.3,4.9,63009,43610,7708,424,4775,2650,3842,17.7,21181,13086,16800,6460,6798,44465,16082,3848,47408
3100000US22420,22420,"Flint, MI Metro Area",334443,6.9,11.4,174171,147625,16861,1732,1383,1510,5060,25.7,54214,37338,46558,12273,27701,147212,19975,10606,44611
3100000US22500,22500,"Florence, SC Metro Area",156824,5,8.2,87127,71565,10314,526,986,1666,2070,22.3,25038,15917,22067,8460,16221,73094,11257,4016,40271
3100000US22520,22520,"Florence-Muscle Shoals, AL Metro Area",115852,3.6,6,63832,54579,7513,127,342,316,955,22.2,19783,10017,17706,7185,10115,47999,12485,4635,39437
3100000US22540,22540,"Fond du Lac, WI Metro Area",80125,2.9,4.1,53521,43257,5080,225,1765,1007,2187,20.2,13246,9950,13364,5886,11879,45520,6321,2917,52937
3100000US22660,22660,"Fort Collins-Loveland, CO Metro Area",237395,3.5,5,155596,114071,15710,1524,3263,9765,11263,22,66497,23823,37215,14342,16219,119556,27183,11877,56331
3100000US22840,22840,"Fort Payne, AL Micro Area",53891,3.2,5.9,27796,22671,3789,50,121,185,980,23.8,N,N,N,N,N,23163,2364,2339,34357
3100000US22900,22900,"Fort Smith, AR-OK Metro Area",221408,3.1,5.2,124621,97514,18364,435,1215,1094,5999,20.3,33162,21151,29064,13963,28035,101034,13256,11416,38650
3100000US23020,23020,"Fort Walton Beach-Crestview-Destin, FL Metro Area",142044,3.1,5.1,90098,70865,11940,324,1252,1666,4051,22.5,28265,18194,19812,8497,7019,61730,15544,4890,56088
3100000US23060,23060,"Fort Wayne, IN Metro Area",314292,4.7,6.9,197439,166184,18621,881,2826,2390,6537,21.5,68103,30171,47522,16070,37122,172936,17884,8730,48605
3100000US23180,23180,"Frankfort, KY Micro Area",57867,4,5.8,36736,30655,3308,455,1878,138,302,21.2,11486,8192,8637,3116,5397,23743,11145,1977,47109
3100000US23420,23420,"Fresno, CA Metro Area",669834,6.1,9.7,364626,279336,47994,5321,6371,13352,12252,21.8,108713,72875,94243,32511,44868,278852,74053,27950,43737
3100000US23460,23460,"Gadsden, AL Metro Area",82230,4,7.1,42282,36180,4402,170,212,107,1211,25.2,14481,5759,10244,4065,7834,31865,7295,3416,37642
3100000US23540,23540,"Gainesville, FL Metro Area",211820,2.5,4.1,123711,92719,11406,4219,2764,6251,6352,21.3,57893,23568,28801,6995,8841,84467,36390,5669,42359
3100000US23580,23580,"Gainesville, GA Metro Area",136729,2.6,3.9,85677,63434,16011,495,737,685,4315,27.7,24663,13243,17914,10668,19774,71337,11554,3790,52825
3100000US23660,23660,"Galesburg, IL Micro Area",56810,3.1,5.2,31814,26173,2400,250,1299,665,1027,21.7,9099,5361,7800,2729,6532,25195,4439,2211,37200
3100000US23700,23700,"Gallup, NM Micro Area",51896,5.9,11.1,23926,18414,2088,0,505,636,2283,21.2,N,N,N,N,N,12720,9625,2046,30899
3100000US23900,23900,"Gettysburg, PA Micro Area",81970,3.4,5,51475,43087,4460,148,1260,464,2056,26.6,15503,8772,12029,5908,9829,42950,5990,3790,55261
3100000US24020,24020,"Glens Falls, NY Metro Area",107026,3.2,5,63510,50013,6992,382,1790,883,3450,23.3,19067,13005,15182,6566,10345,48576,9735,6521,48342
3100000US24140,24140,"Goldsboro, NC Metro Area",88035,4.3,7.5,50314,41108,6122,289,508,418,1869,20.9,14126,7519,10847,4618,8501,34036,9253,3122,39388
3100000US24220,24220,"Grand Forks, ND-MN Metro Area",77270,2.8,3.9,53225,41459,4973,1168,1732,1472,2421,14.3,16227,10408,14904,4721,6720,40525,9703,3538,46649
3100000US24260,24260,"Grand Island, NE Micro Area",53590,2,2.7,37755,29395,4843,213,473,891,1940,17.4,9746,5800,10838,3051,7844,31345,3835,3213,46483
3100000US24300,24300,"Grand Junction, CO Metro Area",113601,2.4,3.7,70582,54257,9147,97,1856,1718,3507,20.4,23218,12132,16499,11463,8961,55555,11223,5772,55738
3100000US24340,24340,"Grand Rapids-Wyoming, MI Metro Area",595552,5.4,7.9,365901,294086,38330,5417,6858,5276,15934,22.5,120958,58425,94087,29531,66366,322695,32773,18044,49923
3100000US24420,24420,"Grants Pass, OR Micro Area",67588,3.8,7,33155,25924,3216,0,1217,956,1842,20.2,7618,7367,9581,4277,4483,25278,3428,5052,33564
3100000US24500,24500,"Great Falls, MT Metro Area",64760,3.2,5.2,40501,31174,4628,592,1362,1146,1599,15.9,12407,5352,11611,4689,3824,29070,5861,2906,42750
3100000US24540,24540,"Greeley, CO Metro Area",189824,3.4,4.8,125649,95013,17843,611,3030,3396,5756,25.5,41042,18361,34087,14606,17813,105046,15404,7414,56065
3100000US24580,24580,"Green Bay, WI Metro Area",239038,3,4.2,161600,131356,13821,2060,4285,2996,7082,19.8,51731,24221,41058,15147,30648,139576,16452,8336,52520
3100000US24620,24620,"Greeneville, TN Micro Area",55373,4.7,8.2,28961,24526,3206,76,540,237,376,24.6,7856,5107,6595,3671,6184,24230,3593,1650,35062
3100000US24660,24660,"Greensboro-High Point, NC Metro Area",558285,4.5,6.7,340472,282009,34929,4578,4419,3759,10778,21.8,109221,49000,92488,36254,60215,283952,42256,21416,45226
3100000US24780,24780,"Greenville, NC Metro Area",136808,4.7,7,83243,65974,9455,804,1202,2938,2870,20.4,32140,14959,20238,7855,9369,63197,17828,4453,40039
3100000US24860,24860,"Greenville-Mauldin-Easley, SC Metro Area",493296,4.6,7.2,287119,237938,28067,1234,6864,4589,8427,22,96002,46312,74161,26359,48843,245083,31219,15580,45124
3100000US24940,24940,"Greenwood, SC Micro Area",53479,7,11.4,28354,24413,2356,200,601,112,672,17.8,9046,4387,6061,3520,5728,22627,4456,1709,39225
3100000US25060,25060,"Gulfport-Biloxi, MS Metro Area",181931,3.8,6.4,105642,86503,12742,216,2791,1279,2111,24.9,31435,23061,24653,11207,10662,76939,19246,5543,44879
3100000US25180,25180,"Hagerstown-Martinsburg, MD-WV Metro Area",208199,4.5,6.8,126556,101627,15781,1356,1584,1426,4782,29.9,36006,22238,33791,15544,20513,99101,22258,6829,50506
3100000US25220,25220,"Hammond, LA Micro Area",88962,2.5,4.2,51418,41746,6586,49,409,629,1999,32.3,16142,8414,13721,5564,8080,39756,9057,3179,41399
3100000US25260,25260,"Hanford-Corcoran, CA Metro Area",113784,5.7,11,58066,41461,8947,1874,1794,2003,1987,20.4,11304,9707,10468,3978,11055,36161,13153,2824,50962
3100000US25420,25420,"Harrisburg-Carlisle, PA Metro Area",429931,3.2,4.8,272133,216333,29439,3896,10702,4293,7470,21.7,95990,39363,78992,18865,41750,217990,44462,13162,57095
3100000US25500,25500,"Harrisonburg, VA Metro Area",97442,2.7,4.3,56162,43428,6746,449,1942,1854,1743,21,17108,9213,12256,6262,11475,46058,7718,3416,48794
3100000US25540,25540,"Hartford-West Hartford-East Hartford, CT Metro Area",956002,4,5.8,596857,484295,50556,15452,15410,8107,23037,23.1,251607,98663,159013,40518,62618,490223,91378,30509,67171
3100000US25620,25620,"Hattiesburg, MS Metro Area",106057,3.4,5.4,62473,51357,6624,85,1729,1209,1469,24,21321,10929,15325,8309,7144,49284,10889,3053,36801
3100000US25740,25740,"Helena, MT Micro Area",57076,4.3,6.1,37338,26225,6273,0,1588,1563,1689,16.4,15517,6305,10156,3157,2533,25022,10709,2192,50373
3100000US25860,25860,"Hickory-Lenoir-Morganton, NC Metro Area",290404,4.2,6.4,173608,146211,17942,143,1424,1626,6262,22,47958,28050,39617,16384,44308,140738,25002,10825,41360
3100000US25900,25900,"Hilo, HI Micro Area",142111,3.2,4.8,87658,58107,16763,1163,2004,2200,7421,26.8,23741,22634,23747,11971,5736,64925,14686,9893,54044
3100000US25940,25940,"Hilton Head Island-Beaufort, SC Micro Area",132615,3.2,5.7,77205,56518,9176,349,2219,2347,6596,20.9,23247,14253,17693,9461,5369,52281,12550,5219,52800
3100000US25980,25980,"Hinesville-Fort Stewart, GA Metro Area",50390,3.4,5.7,33537,26668,4142,0,882,1629,216,25.1,6015,6372,7216,3825,4498,18565,8491,806,40324
3100000US26100,26100,"Holland-Grand Haven, MI Metro Area",201635,5,7,131453,109668,12000,806,2352,1316,5311,19.3,42993,18768,33101,9657,27518,115018,10705,7248,55459
3100000US26140,26140,"Homosassa Springs, FL Micro Area",122152,4.7,10.7,46548,35995,5113,698,1150,1215,2377,25.1,12165,10810,11212,6650,6718,37070,6562,3973,38137
3100000US26180,26180,"Honolulu, HI Metro Area",728799,2.2,3.6,464006,298075,73963,35191,23290,17248,16239,27.3,152663,91418,115147,39082,31027,308125,90876,30449,70951
3100000US26300,26300,"Hot Springs, AR Metro Area",77936,4.4,8.1,37905,30224,5508,76,711,345,1041,24.5,12159,7132,10112,5135,3826,29048,6423,3048,36922
3100000US26380,26380,"Houma-Bayou Cane-Thibodaux, LA Metro Area",155828,1.9,3.1,89745,72152,9479,522,904,4399,2289,26.7,25726,10526,23170,15218,15927,73905,12151,5170,51108
3100000US26420,26420,"Houston-Sugar Land-Baytown, TX Metro Area",4284541,3.6,5.2,2762378,2157876,350337,72528,39439,46187,96011,28.9,978114,449615,703534,337453,350403,2293718,328360,198501,56250
3100000US26580,26580,"Huntington-Ashland, WV-KY-OH Metro Area",230685,2.5,4.6,116215,97851,11121,1074,2530,1715,1924,20.1,38218,22252,29788,11260,16493,94245,18738,5023,35536
3100000US26620,26620,"Huntsville, AL Metro Area",311861,4.5,6.9,189841,159717,20629,582,1966,2916,4031,22,78013,25374,45886,15615,24055,142224,37210,9677,53363
3100000US26820,26820,"Idaho Falls, ID Metro Area",89682,2.8,4.1,57975,42414,8523,2213,888,1380,2557,22.2,19989,9150,17458,4897,7186,46100,8762,4321,52199
3100000US26860,26860,"Indiana, PA Micro Area",73926,4.2,7.1,39633,31923,3268,226,2010,421,1785,23.1,12074,7388,9539,5381,6116,31304,6010,3408,41687
3100000US26900,26900,"Indianapolis-Carmel, IN Metro Area",1310332,4.4,6.3,846716,703601,78464,10466,15892,9134,29159,24.5,321544,128834,233006,70797,108649,723413,99778,39739,53671
3100000US26980,26980,"Iowa City, IA Metro Area",120602,2.1,2.8,83281,54293,9805,4797,7869,2471,4046,18.6,36680,15074,19164,5163,9230,55811,25076,4551,53786
3100000US27060,27060,"Ithaca, NY Metro Area",87628,4.3,6.5,53093,27496,7666,3348,9008,906,4669,18.3,25047,9096,13907,2920,2903,44647,6077,3400,48567
3100000US27100,27100,"Jackson, MI Metro Area",127031,4,6.7,69054,57289,6791,997,1155,753,2069,23.7,20411,12981,17459,6115,12921,56924,9328,3761,46896
3100000US27140,27140,"Jackson, MS Metro Area",409974,4.4,6.7,244453,202557,24849,1996,2643,3380,9028,22.8,89409,40832,67082,22610,27379,181454,52560,14509,46111
3100000US27180,27180,"Jackson, TN Metro Area",86568,3.7,5.8,52041,44553,4511,459,373,812,1333,20.1,15770,9497,14073,5328,8258,41396,7218,4314,42620
3100000US27260,27260,"Jacksonville, FL Metro Area",1026941,4.6,6.8,642355,521476,64448,7698,10654,13356,24723,25.2,222114,106654,187550,63634,62165,533629,82866,26069,54522
3100000US27340,27340,"Jacksonville, NC Metro Area",123365,2.3,5,86730,56185,13205,166,5868,2445,8861,21.3,17821,10255,12309,7879,5180,34193,14948,4399,48017
3100000US27460,27460,"Jamestown-Dunkirk-Fredonia, NY Micro Area",109015,4,6.7,58847,46423,5062,12,5083,571,1696,17.8,18237,11255,12795,5312,12405,46247,11360,3165,39904
3100000US27500,27500,"Janesville, WI Metro Area",125255,3.7,5.6,78012,64255,7274,373,1916,1319,2875,21.6,23579,11620,19124,6661,18034,66733,9118,3527,51400
3100000US27620,27620,"Jefferson City, MO Metro Area",115710,2.5,3.7,74710,60034,9397,195,2280,558,2246,20.2,27056,11767,19496,8227,7899,49722,20223,4287,55199
3100000US27740,27740,"Johnson City, TN Metro Area",160103,4.1,6.6,89549,74699,8028,454,1005,684,4679,21.4,29557,15953,22475,8751,14937,68848,13950,8806,40792
3100000US27780,27780,"Johnstown, PA Metro Area",120146,3.8,6.5,62967,49966,7104,597,1782,1392,2126,21.7,17788,14055,16660,6460,9499,51998,9478,3035,38071
3100000US27860,27860,"Jonesboro, AR Metro Area",93970,4.2,6.6,54664,45552,3855,137,749,896,3475,20.2,16037,8946,15917,3186,10886,42769,8703,4254,36943
3100000US27900,27900,"Joplin, MO Metro Area",134202,5.1,7.7,80324,65196,8225,109,1471,1162,4161,18.4,23593,14925,19535,8609,14917,69068,6871,6210,39557
3100000US27980,27980,"Kahului-Wailuku, HI Micro Area",114966,3.3,4.8,72941,50553,11272,1978,1819,1906,5413,21.1,21496,19926,18199,10175,5434,56429,10486,8861,67619
3100000US28020,28020,"Kalamazoo-Portage, MI Metro Area",256259,6.5,9.7,151632,127107,11698,1301,4513,2202,4811,20.8,54459,27511,38196,11438,21412,127833,18261,8524,45831
3100000US28060,28060,"Kalispell, MT Micro Area",69220,3,4.8,40405,30840,4394,62,1212,1461,2436,18.7,11945,6799,12167,5957,4094,31336,4328,5636,41110
3100000US28100,28100,"Kankakee-Bradley, IL Metro Area",87638,6.3,9.2,53474,42424,5245,1864,1568,579,1794,23.9,16381,9214,12404,5823,9901,43547,7709,2993,50535
3100000US28140,28140,"Kansas City, MO-KS Metro Area",1544818,4,5.6,1020009,838735,101252,15565,13032,12903,38522,22.9,392086,159137,276656,89524,118438,846490,134870,54670,56458
3100000US28300,28300,"Keene, NH Micro Area",64324,5.2,7.7,39412,28031,4908,59,3238,706,2470,21.4,13319,7098,9094,4196,6295,32315,5057,2793,53299
3100000US28420,28420,"Kennewick-Pasco-Richland, WA Metro Area",176292,3.7,5.7,104898,78847,16815,1354,2706,1278,3898,19.7,35596,19189,24528,12321,12635,86443,16038,6050,51538
3100000US28580,28580,"Key West, FL Micro Area",61974,4.4,6.6,37672,26225,4204,270,710,3639,2624,19.8,10776,7203,11042,4763,3507,29457,4766,3999,52443
3100000US28660,28660,"Killeen-Temple-Fort Hood, TX Metro Area",277508,3.7,6.7,173990,139017,20224,675,6342,2302,5430,19.8,45213,28934,37893,14925,14955,99965,32740,9211,49769
3100000US28700,28700,"Kingsport-Bristol-Bristol, TN-VA Metro Area",248152,4.4,7.5,131740,114387,12018,132,1375,401,3427,21.1,38793,23104,35433,15559,21417,106873,17844,9895,39081
3100000US28740,28740,"Kingston, NY Metro Area",150515,3.8,5.7,91929,72720,7434,2313,2906,483,6073,27,33286,17641,24412,8631,10171,65405,19226,9727,54854
3100000US28900,28900,"Klamath Falls, OR Micro Area",51923,3.8,6.1,30034,22292,3529,291,1964,144,1814,17.8,8068,6571,7050,4186,3780,22456,5099,2703,42389
3100000US28940,28940,"Knoxville, TN Metro Area",554234,3.4,5.3,329519,276913,30824,1351,4072,4733,11626,21.6,121665,55775,88883,31085,38806,268801,46313,21459,45442
3100000US29020,29020,"Kokomo, IN Metro Area",78412,6.2,10.2,42579,36073,3480,72,1060,585,1309,19.5,12699,6857,10574,4293,8534,36120,5205,1755,48095
3100000US29100,29100,"La Crosse, WI-MN Metro Area",106858,3.5,4.9,72089,55060,7745,596,3522,1555,3611,18.5,24411,13899,18321,4834,10991,59629,9277,3987,48851
3100000US29140,29140,"Lafayette, IN Metro Area",153544,3.9,5.9,92728,71335,10793,2205,3370,1862,3163,18.7,36582,16103,20168,7045,14692,70938,19917,4511,45406
3100000US29180,29180,"Lafayette, LA Metro Area",200420,2.9,4.3,124939,103842,12310,1594,2265,2421,2507,23.3,41817,21917,34586,16368,12517,105485,14655,7302,46292
3100000US29340,29340,"Lake Charles, LA Metro Area",148002,4.1,6.5,85845,70476,11750,219,1445,1369,586,19.9,26787,15765,20980,12723,10884,69901,11953,5694,45656
3100000US29380,29380,"Lake City, FL Micro Area",59991,7.9,14.6,26930,21998,3037,81,389,424,1001,20.3,N,N,N,N,N,18889,6991,1593,38788
3100000US29420,29420,"Lake Havasu City-Kingman, AZ Metro Area",158995,5.9,11.3,72180,55793,11593,131,918,1610,2135,19.9,16506,18027,24094,7421,7896,57033,10808,6161,38305
3100000US29460,29460,"Lakeland-Winter Haven, FL Metro Area",456645,4.3,7.3,245181,197453,26042,861,2759,10554,7512,25.6,73356,49170,61673,27917,33446,204190,31836,14703,44360
3100000US29540,29540,"Lancaster, PA Metro Area",392240,3,4.4,249811,197153,22054,3700,9253,5743,11908,22.4,79920,35881,62583,26817,46919,214615,21156,18123,55850
3100000US29580,29580,"Lancaster, SC Micro Area",60519,6.2,10.2,31911,27164,3519,0,290,329,609,27.2,N,N,N,N,N,27849,3717,1178,38327
3100000US29620,29620,"Lansing-East Lansing, MI Metro Area",365411,4.3,6.6,221202,177814,19094,4958,8732,3826,6778,21.1,85022,39610,55973,13197,30562,168735,44744,11114,49607
3100000US29700,29700,"Laredo, TX Metro Area",157566,3.2,5,93247,73569,11880,2106,2352,2063,1277,20.9,24897,20125,29760,8939,11788,70769,19106,5805,36740
3100000US29740,29740,"Las Cruces, NM Metro Area",152191,3.9,6.3,86750,66861,10622,333,3581,2268,3085,18.7,27913,18055,21346,9612,8000,58297,23000,5458,36035
3100000US29820,29820,"Las Vegas-Paradise, NV Metro Area",1423938,5.1,7.3,907212,704517,108104,33457,17725,17932,25477,24.6,243258,250434,235890,105465,81625,773983,100552,41518,56696
3100000US29860,29860,"Laurel, MS Micro Area",65155,4.5,7.3,36743,31172,4085,49,419,113,905,25.7,9966,7005,7781,5562,6590,27841,6118,2996,35440
3100000US29940,29940,"Lawrence, KS Metro Area",95607,4.6,6.3,64068,46600,8480,745,4045,1373,2825,20.2,29374,10449,14980,4777,5587,42632,18753,3875,46394
3100000US30020,30020,"Lawton, OK Metro Area",84209,4,7.7,50323,36510,4954,421,1812,1416,5210,16.2,12368,7731,11355,3843,5019,26899,10916,2495,39142
3100000US30100,30100,"Lebanon, NH-VT Micro Area",142677,2.8,4.1,89623,67780,8325,983,4883,1804,5848,22.8,35080,15425,21391,9907,9016,69029,11631,10798,51963
3100000US30140,30140,"Lebanon, PA Metro Area",103059,3.5,5.2,65219,53638,6149,674,2392,648,1718,24.2,19246,11551,14874,6222,13561,54732,7864,3152,52650
3100000US30340,30340,"Lewiston-Auburn, ME Metro Area",85086,3.8,5.6,52932,42118,5933,261,1898,1045,1677,22.4,16031,9305,16501,5292,7251,45061,5570,3805,45225
3100000US30460,30460,"Lexington-Fayette, KY Metro Area",359323,3.7,5.4,230190,184914,25800,2582,7374,1781,7739,21,88019,40518,62742,14815,26782,181287,40912,13479,50690
3100000US30500,30500,"Lexington Park, MD Micro Area",78693,1.7,2.4,54973,44703,6105,968,994,354,1849,30.2,22544,8897,10014,6981,4276,34560,15542,2689,80624
3100000US30620,30620,"Lima, OH Metro Area",82813,5.6,8.6,48595,41500,4089,366,1263,661,716,19.2,11408,10499,12270,3808,11044,41032,5472,2553,44210
3100000US30700,30700,"Lincoln, NE Metro Area",233496,2.9,3.8,165120,132075,16159,2352,6282,2300,5952,18,64351,27843,42801,13711,18531,126862,30913,10131,52585
3100000US30740,30740,"Lincolnton, NC Micro Area",58681,5.8,8.4,36376,30720,3366,0,462,551,1277,28.3,9332,6151,8473,4522,8706,29716,4993,2392,49279
3100000US30780,30780,"Little Rock-North Little Rock-Conway, AR Metro Area",525101,4.1,6.1,327114,266151,40044,2591,5505,2858,9965,21.9,110155,51140,96796,31029,38081,253719,55115,18726,45271
3100000US30860,30860,"Logan, UT-ID Metro Area",88220,3.2,4.6,58436,43264,7245,1181,2060,1753,2933,16.3,19973,8730,14342,5474,10592,46254,9736,3397,49070
3100000US30980,30980,"Longview, TX Metro Area",164276,2.3,3.8,92028,76653,8807,136,408,3167,2857,22.8,25934,15240,22429,12927,17697,77968,10440,6295,44958
3100000US31020,31020,"Longview, WA Metro Area",79647,5.6,9.3,42237,32286,6752,0,1099,502,1598,22.8,12367,6997,8830,4139,8560,34558,6163,2379,47398
3100000US31100,31100,"Los Angeles-Long Beach-Santa Ana, CA Metro Area",9955578,4.4,6.7,6000057,4368849,690500,379427,160920,131345,269016,28.5,2170064,1050597,1635613,489679,782177,4863988,727833,539075,60264
3100000US31140,31140,"Louisville-Jefferson County, KY-IN Metro Area",976753,4.5,6.7,599243,494600,59627,12683,11474,6103,14756,23.1,203085,95980,158588,54893,98706,513993,73395,25018,48741
3100000US31180,31180,"Lubbock, TX Metro Area",209598,2.8,4.2,132578,111610,12204,1180,1633,1407,4544,16.7,45147,24385,40051,9236,15393,102055,24279,9079,44810
3100000US31260,31260,"Lufkin, TX Micro Area",63888,2.5,4.2,34731,28189,5115,178,600,483,166,18.6,9401,6063,8832,3720,7242,26330,6550,2624,33796
3100000US31300,31300,"Lumberton, NC Micro Area",97978,4.1,7.1,50881,38242,10041,0,1207,115,1276,23.4,13561,10511,9592,7902,7946,38606,9685,3400,30932
3100000US31340,31340,"Lynchburg, VA Metro Area",199907,3.1,5,116640,94547,12602,1097,2309,1976,4109,21.5,38949,19645,30007,11537,18991,95432,18087,5776,44447
3100000US31420,31420,"Macon, GA Metro Area",183018,4.1,7,96537,78656,12203,1485,1966,847,1380,22.9,31784,19252,24452,9151,15726,79486,15825,5441,42634
3100000US31460,31460,"Madera, CA Metro Area",112033,5.5,10.3,47747,35896,6808,135,1399,766,2743,26.1,11377,11080,12240,6465,6455,39290,9037,5367,47394
3100000US31540,31540,"Madison, WI Metro Area",450307,3.3,4.4,315552,234425,33901,12878,14815,7712,11821,21.6,138627,45363,78830,23584,31804,237142,66137,17655,60850
3100000US31700,31700,"Manchester-Nashua, NH Metro Area",316515,2.9,3.9,218392,179440,18922,2083,4136,2364,11447,26.8,90908,31875,56764,17467,25283,184606,22949,14860,69223
3100000US31740,31740,"Manhattan, KS Micro Area",94663,2.3,3.7,64876,46096,6632,147,4781,1079,6141,17.4,21934,8823,14580,5212,5618,35840,17520,3054,45084
3100000US31820,31820,"Manitowoc, WI Micro Area",65552,4.4,6.4,41478,34547,3105,239,1587,844,1156,18.7,12065,7169,9318,3909,9083,36048,3433,2868,49755
3100000US31860,31860,"Mankato-North Mankato, MN Micro Area",75087,2.8,3.8,52048,42056,4183,262,2400,775,2372,16.2,17013,9348,13597,3991,8511,41913,7692,3075,51880
3100000US31900,31900,"Mansfield, OH Metro Area",100722,4.4,7.3,55264,45011,6336,450,608,779,2080,20.1,13820,10004,14049,4534,13972,46474,6112,3743,42578
3100000US31940,31940,"Marinette, WI-MI Micro Area",55705,5,8.1,30941,24815,2831,12,1548,359,1376,19.2,8205,5109,5631,3402,8890,26085,3779,1878,40461
3100000US31980,31980,"Marion, IN Micro Area",56077,6.6,11.4,28101,23146,1955,107,1419,705,769,20.1,8724,5675,7031,2676,4451,23203,4157,1196,36694
3100000US32020,32020,"Marion, OH Micro Area",52990,4.3,7.3,28642,23075,3699,116,229,446,1077,20.2,5694,4714,7572,2364,8420,22945,4371,1713,34449
3100000US32100,32100,"Marquette, MI Micro Area",54752,4.3,6.8,31511,25171,2901,122,2172,287,858,17.6,9076,7323,8609,3242,3155,26474,4021,1397,43098
3100000US32270,32270,"Marshfield-Wisconsin Rapids, WI Micro Area",59357,3.1,4.6,37416,30132,2993,553,1332,1148,1258,17.9,10628,6898,8981,3090,8053,31928,3968,2290,44149
3100000US32300,32300,"Martinsville, VA Micro Area",56498,4.3,7.3,30678,25304,3234,304,642,391,803,21.4,7473,5299,7596,2085,8823,25540,4076,1654,31289
3100000US32580,32580,"McAllen-Edinburg-Mission, TX Metro Area",491975,4.3,7.4,257937,194634,36511,1189,5161,13157,7285,21.4,68535,63838,66069,34253,27216,186019,46454,31747,30235
3100000US32740,32740,"Meadville, PA Micro Area",71559,4.1,6.9,39296,30248,4839,14,1789,909,1497,21.1,13159,6778,8269,3730,7459,31938,4763,3350,40393
3100000US32780,32780,"Medford, OR Metro Area",163200,4.8,7.8,89545,67126,10848,1348,2581,1834,5808,17.9,27078,18050,26161,8968,11076,72065,8863,10826,40603
3100000US32820,32820,"Memphis, TN-MS-AR Metro Area",980677,5.8,8.5,595194,488855,66630,7211,9104,8613,14781,23.8,203057,101661,163415,49602,88070,483700,88782,34280,46158
3100000US32900,32900,"Merced, CA Metro Area",178217,6.8,11.1,93577,69356,12498,580,2670,4703,3770,26.7,23680,18373,18563,8270,16849,76779,14151,5846,42303
3100000US32940,32940,"Meridian, MS Micro Area",81838,5.6,9.7,42934,34992,5234,347,493,1052,816,24,10887,7084,10756,5379,8718,34306,6822,1805,35158
3100000US33100,33100,"Miami-Fort Lauderdale-Pompano Beach, FL Metro Area",4355524,4.5,7.2,2506619,1969989,248805,93654,38712,47802,107657,27.7,831120,497294,750949,243314,222494,2062954,300247,186919,49313
3100000US33140,33140,"Michigan City-La Porte, IN Metro Area",88310,5.4,8.5,49930,42202,4600,265,865,520,1478,23.4,13632,8643,13595,5934,10263,43015,6043,2979,45613
3100000US33220,33220,"Midland, MI Micro Area",65703,4.7,7.6,36576,31818,2512,155,441,513,1137,20.5,14526,7687,8791,2647,3846,31567,3533,2649,49239
3100000US33260,33260,"Midland, TX Metro Area",97451,1.2,1.8,65520,54754,7766,142,518,763,1577,18.3,20458,10243,17030,11522,6987,53962,6971,5387,57558
3100000US33340,33340,"Milwaukee-Waukesha-West Allis, WI Metro Area",1209300,3.8,5.5,781126,625801,70616,28773,19519,12078,24339,22.4,287284,120687,205769,52494,124743,677731,80619,34098,54386
3100000US33460,33460,"Minneapolis-St. Paul-Bloomington, MN-WI Metro Area",2513779,3.8,5.1,1750863,1370504,150462,83174,39001,28719,79003,24.4,730799,251198,468000,123787,203347,1483264,205852,91452,65862
3100000US33540,33540,"Missoula, MT Metro Area",87281,3.1,4.5,56679,38230,4921,980,3904,2997,5647,17.5,22403,11331,14918,3783,4344,42801,11044,3483,42349
3100000US33660,33660,"Mobile, AL Metro Area",311783,4.9,7.8,175611,148524,18017,910,2416,2123,3621,24.8,53599,28797,46559,23473,25065,143655,25051,9440,41065
3100000US33700,33700,"Modesto, CA Metro Area",382472,6.9,10.8,212020,169941,20746,1754,5369,6478,7732,26.8,56568,37777,58231,22232,37104,171526,31100,14191,50359
3100000US33740,33740,"Monroe, LA Metro Area",132188,3.2,5.1,77067,67262,5215,1614,768,910,1298,21.2,25632,14320,20457,8779,8529,61999,11537,4329,38133
3100000US33780,33780,"Monroe, MI Metro Area",121292,6.5,9.8,70535,61139,6790,233,931,373,1069,24.6,19046,12465,17592,7867,15465,63320,6488,2653,57157
3100000US33860,33860,"Montgomery, AL Metro Area",286074,3.8,6,168108,139712,19822,921,1764,1281,4608,22.4,55391,29549,46869,14848,20807,120392,39478,8031,46422
3100000US34060,34060,"Morgantown, WV Metro Area",99637,2.7,4.6,55114,42954,5854,523,3499,737,1547,23.1,18855,10635,13449,7217,5684,39539,13831,2429,43002
3100000US34100,34100,"Morristown, TN Metro Area",110121,4.9,7.6,61913,50196,7945,393,1206,316,1857,23.8,14780,11030,15685,7806,16247,51529,7644,6518,37178
3100000US34180,34180,"Moses Lake, WA Micro Area",62054,5.2,7.7,37861,28262,5702,173,630,896,2198,17.4,9949,6264,7045,3849,7358,28429,7847,1889,43500
3100000US34340,34340,"Mount Airy, NC Micro Area",57541,4.1,6.8,31813,26421,2946,547,384,341,1174,25.1,7519,6255,7357,3487,7464,27142,4005,1516,36679
3100000US34380,34380,"Mount Pleasant, MI Micro Area",55802,7.8,11.9,29226,23001,2482,210,1652,754,1127,18.6,8919,9120,7891,2710,3406,23844,6898,1511,34946
3100000US34580,34580,"Mount Vernon-Anacortes, WA Metro Area",93744,2,3.2,55436,42222,7587,573,2170,950,1934,24.3,14494,9608,12745,5863,9486,44130,7838,3424,53348
3100000US34620,34620,"Muncie, IN Metro Area",94569,6.7,10.9,50795,37738,7992,1341,2195,551,978,19.7,13886,11386,13882,3682,8623,42874,5729,2914,38927
3100000US34740,34740,"Muskegon-Norton Shores, MI Metro Area",135884,7.6,11.8,74223,60189,9118,468,620,754,3074,21.3,20144,14682,19803,6385,15640,62715,8921,4978,40827
3100000US34780,34780,"Muskogee, OK Micro Area",55690,4.6,8.2,27793,22418,3976,0,363,581,455,23.2,9513,4818,5432,3670,5028,19828,6783,1958,32658
3100000US34820,34820,"Myrtle Beach-North Myrtle Beach-Conway, SC Metro Area",208698,3.4,5.6,117174,96764,12155,695,1072,2014,4474,21.6,33430,29107,36513,14239,7587,99843,13214,7665,42327
3100000US34900,34900,"Napa, CA Metro Area",107217,4.1,6.2,65694,48104,8772,2453,2797,848,2720,21.2,21402,13021,13489,5094,10287,51662,7685,7011,65158
3100000US34940,34940,"Naples-Marco Island, FL Metro Area",257139,4,7.1,132848,100134,15681,1395,1243,4620,9775,22.3,36927,33696,35400,17621,9941,110923,13564,10806,61165
3100000US34980,34980,"Nashville-Davidson--Murfreesboro--Franklin, TN Metro Area",1210232,3.6,5.2,768698,620216,82441,8241,10565,11639,35596,26,282256,115260,215309,72596,100550,633555,95041,58504,51841
3100000US35100,35100,"New Bern, NC Micro Area",93177,3.5,6.8,51077,39222,6360,103,2449,895,2048,20,14165,8796,10849,4954,5400,32098,10007,2267,45496
3100000US35260,35260,"New Castle, PA Micro Area",73655,3.7,6.3,40123,32249,3603,292,2263,727,989,21.4,11389,7434,11346,3375,6867,33794,4352,2255,42151
3100000US35300,35300,"New Haven-Milford, CT Metro Area",675631,4.9,7,425022,340235,37665,16814,12297,6241,11770,24.4,170756,70937,111721,32917,48794,351858,58867,23865,61579
3100000US35340,35340,"New Iberia, LA Micro Area",57272,2.9,4.9,30213,25312,2951,54,518,184,1194,20.8,N,N,N,N,N,24936,3418,3663,40869
3100000US35380,35380,"New Orleans-Metairie-Kenner, LA Metro Area",900228,4.2,6.8,515458,403034,59832,13652,13442,10806,14692,25.5,174359,100427,136241,57676,54882,415241,71527,36976,47585
3100000US35420,35420,"New Philadelphia-Dover, OH Micro Area",72789,3.7,5.8,43390,36498,3132,0,1127,1067,1566,22.6,10640,8119,8417,3710,12755,37135,3772,3135,42992
3100000US35620,35620,"New York-Northern New Jersey-Long Island, NY-NJ-PA Metro Area",15096154,4,6.1,9080260,4566043,663286,2763305,561437,187448,338741,34.8,3621043,1697092,2433041,679318,865205,7397165,1371400,524694,64747
3100000US35660,35660,"Niles-Benton Harbor, MI Metro Area",126126,5.2,7.9,75157,63395,5811,507,1631,806,3007,19.4,21740,12850,20327,5695,14063,64393,5590,5609,42512
3100000US35900,35900,"North Wilkesboro, NC Micro Area",53190,5,8.6,27033,22307,3134,57,306,92,1137,23.3,7338,5417,6190,3799,5466,21884,3785,2584,29705
3100000US35980,35980,"Norwich-New London, CT Metro Area",211192,3.3,4.9,136836,109844,13953,2630,4429,1817,4163,22.7,51351,29137,30986,10469,13836,106701,20344,8938,68622
3100000US36020,36020,"Oak Harbor, WA Micro Area",66016,2.8,5.6,36833,27412,2804,784,2790,760,2283,26.1,9052,6576,8124,4260,2821,21410,6000,3513,55525
3100000US36100,36100,"Ocala, FL Metro Area",271673,5.3,10.2,125739,103226,10867,277,1643,5272,4454,24.8,35269,23219,37085,17633,13584,102039,14553,10657,40170
3100000US36140,36140,"Ocean City, NJ Metro Area",79946,3.6,5.9,46337,35735,5786,192,1352,1600,1672,24.4,15055,9738,9863,6593,3529,30059,12118,3799,60176
3100000US36220,36220,"Odessa, TX Metro Area",96488,2.9,4.3,61495,49711,8374,305,751,1057,1297,19.5,15155,9656,16116,11207,10970,51992,6927,4270,50241
3100000US36260,36260,"Ogden-Clearfield, UT Metro Area",382574,2.4,3.5,257371,202019,31322,6209,4337,4437,9047,23.1,88954,36842,71238,23026,32473,193876,48034,11012,59241
3100000US36300,36300,"Ogdensburg-Massena, NY Micro Area",91143,5.5,9.5,46387,32567,5623,23,4068,649,3457,22,13492,11949,10939,5454,5048,34020,10268,3128,41963
3100000US36420,36420,"Oklahoma City, OK Metro Area",934056,3,4.5,591098,492562,60485,3038,9341,8494,17178,21.8,205652,101567,158514,63176,65810,456979,99203,40187,47696
3100000US36460,36460,"Olean, NY Micro Area",64404,4.1,6.6,36157,28220,4732,206,1397,469,1133,21.7,9935,7472,8558,4258,6859,27778,7508,2342,43495
3100000US36500,36500,"Olympia, WA Metro Area",198335,3.5,5.5,123179,94466,13631,3546,2483,3812,5241,24.4,50283,19506,29963,9593,11176,74576,38349,8108,62506
3100000US36540,36540,"Omaha-Council Bluffs, NE-IA Metro Area",637832,3.2,4.4,440892,361834,45246,3790,9269,4033,16720,19.4,158205,73413,120678,37897,50385,372395,48350,21024,54989
3100000US36660,36660,"Opelousas-Eunice, LA Micro Area",70704,2,3.7,35387,28220,3707,0,1336,781,1343,25.1,9549,7938,8219,4409,6466,29108,4370,3193,33138
3100000US36700,36700,"Orangeburg, SC Micro Area",71583,8.4,14.4,35587,29771,3399,183,962,558,714,23.1,10302,5766,7989,3442,8024,26991,6318,2718,30177
3100000US36740,36740,"Orlando-Kissimmee, FL Metro Area",1621256,5,7.4,992845,808038,91442,15429,11748,20708,45480,26.9,341611,197558,297951,93281,81312,869387,100755,44514,50375
3100000US36780,36780,"Oshkosh-Neenah, WI Metro Area",131411,2.5,3.6,84270,70702,6894,411,2213,1680,2370,18.3,26882,14343,20324,6191,18127,73235,9645,3189,53157
3100000US36860,36860,"Ottawa-Streator, IL Micro Area",122202,5.8,8.5,73355,59961,7275,246,2152,851,2870,21,18231,12167,19918,8633,16013,62695,8062,5008,48747
3100000US36980,36980,"Owensboro, KY Metro Area",87344,3.3,5.6,49059,42210,4852,134,506,392,965,19.3,12700,9280,10758,4931,11552,39275,6732,3388,41640
3100000US37020,37020,"Owosso, MI Micro Area",56172,5.3,8.7,30676,25730,2073,0,731,798,1344,29,8044,6028,7773,3720,5648,25489,3533,2223,45568
3100000US37100,37100,"Oxnard-Thousand Oaks-Ventura, CA Metro Area",617726,4.2,6.3,380445,299857,44275,4039,6400,6523,19351,26.9,145573,60167,96995,33545,35735,300199,53088,31597,76860
3100000US37140,37140,"Paducah, KY-IL Micro Area",77771,3.5,5.9,42729,35077,5303,345,581,672,751,20.6,12675,7965,10669,4933,7185,34972,5125,3650,40050
3100000US37260,37260,"Palatka, FL Micro Area",58569,4.2,8.9,24369,19143,3305,24,482,723,692,27.7,N,N,N,N,N,19559,3934,1477,36162
3100000US37340,37340,"Palm Bay-Melbourne-Titusville, FL Metro Area",442657,4.4,7.6,238593,195849,22242,813,3517,6694,9478,24.5,86896,46953,60382,23925,21652,192030,35292,12804,49411
3100000US37380,37380,"Palm Coast, FL Metro Area",75743,3.9,7.3,37609,30241,3573,0,169,1081,2545,24.9,11940,8162,10580,4604,2828,29819,6000,2295,46609
3100000US37460,37460,"Panama City-Lynn Haven, FL Metro Area",130213,3.5,5.8,79528,62392,9793,225,1552,3990,1576,19.8,21756,14902,20457,10428,6966,57772,12349,4325,45736
3100000US37620,37620,"Parkersburg-Marietta-Vienna, WV-OH Metro Area",128865,2.7,4.5,71675,57616,9307,316,2306,520,1610,21.1,21955,14618,17957,7850,11340,59566,10634,3723,42266
3100000US37700,37700,"Pascagoula, MS Metro Area",120424,4.5,7.1,69672,57271,9947,0,704,973,777,26.4,21646,12117,15355,11168,10334,55864,11212,3557,51471
3100000US37820,37820,"Pendleton-Hermiston, OR Micro Area",65346,4.2,7.1,34685,26914,4637,87,1430,431,1186,16.6,9572,6483,7770,3415,6753,27614,5846,2711,45204
3100000US37860,37860,"Pensacola-Ferry Pass-Brent, FL Metro Area",365077,4.6,7.8,207937,156454,27086,1409,7726,3881,11381,23.5,60769,39194,57992,20321,21652,155452,32977,11856,46251
3100000US37900,37900,"Peoria, IL Metro Area",296479,2.7,4.1,183128,153238,14638,2576,3647,2876,6153,20.6,66885,31896,45939,14536,27253,158925,18356,9747,52510
3100000US37980,37980,"Philadelphia-Camden-Wilmington, PA-NJ-DE-MD Metro Area",4615167,4.3,6.5,2790898,2044862,250379,258176,103623,37813,96045,28.5,1149641,438871,755320,213859,284189,2360412,354418,130100,60899
3100000US38060,38060,"Phoenix-Mesa-Scottsdale, AZ Metro Area",3230182,3.5,5.3,1980966,1492917,262505,51057,29766,46791,97930,26.1,680184,361561,558460,229418,185791,1651307,249155,116034,55887
3100000US38220,38220,"Pine Bluff, AR Metro Area",78534,5.9,10.8,37248,31447,3656,51,371,1095,628,22.6,10596,7113,10227,2747,7167,25850,9843,2329,37469
3100000US38300,38300,"Pittsburgh, PA Metro Area",1932348,3.3,5.2,1127961,864875,109178,65437,42472,10165,35834,25.7,417972,200990,306443,94338,131249,975731,117150,58774,47755
3100000US38340,38340,"Pittsfield, MA Metro Area",108259,3.6,5.6,64311,49604,6545,895,4016,752,2499,21,21563,15336,16102,5956,6277,51400,8564,5438,44797
3100000US38460,38460,"Plattsburgh, NY Micro Area",68953,5.1,8.3,37618,28573,3765,543,1491,1601,1645,19.4,12542,8735,9033,3777,3939,24698,11979,2145,50960
3100000US38540,38540,"Pocatello, ID Metro Area",65333,3.2,4.8,40771,32147,4445,392,1163,1158,1466,17.1,13530,7004,11939,3438,5081,30478,8733,2291,49319
3100000US38820,38820,"Port Angeles, WA Micro Area",59881,3.7,7,29245,21429,3804,442,1080,793,1697,21.5,9276,6406,5957,3513,3537,20916,5540,2526,47721
3100000US38860,38860,"Portland-South Portland-Biddeford, ME Metro Area",416906,3.3,4.8,266351,203992,28511,2725,11340,5461,14322,24.1,100463,46983,68425,21651,29104,213581,33018,21800,54358
3100000US38900,38900,"Portland-Vancouver-Beaverton, OR-WA Metro Area",1736768,4.7,6.7,1099677,776226,117424,69898,36837,33134,66158,25.3,430141,178012,284901,91718,135877,913762,130812,81759,58758
3100000US38940,38940,"Port St. Lucie, FL Metro Area",328450,6.5,11.2,163911,133368,18621,391,908,1951,8672,27.4,48937,36662,46026,20527,16260,137007,24019,9112,46941
3100000US39020,39020,"Portsmouth, OH Micro Area",60437,3.7,6.7,29689,25448,3353,0,488,0,400,26.7,9733,5583,6946,4458,4029,24275,5032,1565,38097
3100000US39060,39060,"Pottsville, PA Micro Area",122379,3,5.2,65959,50311,10166,249,3121,444,1668,25.5,18411,9816,14946,7990,15610,54737,9212,3601,43387
3100000US39100,39100,"Poughkeepsie-Newburgh-Middletown, NY Metro Area",530329,4.1,6.1,329706,245706,33876,16831,14905,3629,14759,32,120561,62506,81156,35049,32334,250461,64725,17295,70757
3100000US39140,39140,"Prescott, AZ Metro Area",177492,4.6,8,91291,65237,12824,195,2011,2037,8987,22.6,25455,20568,27238,11291,8087,73220,11817,7940,41804
3100000US39300,39300,"Providence-New Bedford-Fall River, RI-MA Metro Area",1290655,4.9,7.3,782690,632484,69551,21275,21894,12166,25320,24.1,275689,148138,208921,68596,97399,658942,98484,43255,55938
3100000US39340,39340,"Provo-Orem, UT Metro Area",368078,3,4.5,233840,169988,29658,4354,12116,4470,13254,20.2,87917,37129,68794,22299,21463,195255,28939,13652,59482
3100000US39380,39380,"Pueblo, CO Metro Area",123412,4.7,7.9,66958,51813,9301,646,1754,1472,1972,21.9,19167,14805,18284,8763,6496,51553,12014,4053,42628
3100000US39460,39460,"Punta Gorda, FL Metro Area",129594,4.8,9.3,58657,48236,4669,368,502,1268,3614,23.7,16338,11073,16351,9893,6250,47010,10288,3114,46404
3100000US39500,39500,"Quincy, IL-MO Micro Area",61484,2.7,3.9,39390,31693,4570,247,1684,111,1085,16.4,12583,8067,10023,2659,6800,33243,4928,2112,44670
3100000US39540,39540,"Racine, WI Metro Area",156219,4.7,6.8,98930,82791,8303,1998,2623,863,2352,24.1,30062,15443,26986,10043,17405,86274,9733,4540,54541
3100000US39580,39580,"Raleigh-Cary, NC Metro Area",831272,3.9,5.4,555334,444655,59110,5845,8200,8113,29411,24.8,249987,72355,142980,53752,46574,449865,87298,29440,61862
3100000US39660,39660,"Rapid City, SD Metro Area",94159,3.5,5.1,64105,51704,6857,941,1655,918,2030,17.8,19798,11880,15595,8584,5814,48291,8702,4708,44770
3100000US39740,39740,"Reading, PA Metro Area",320499,3.8,5.5,201796,163457,17209,3812,7311,2591,7416,23.8,63863,34411,52521,18710,35606,172376,22480,11421,54616
3100000US39820,39820,"Redding, CA Metro Area",144987,6.3,10.8,73604,58001,8185,329,1655,1706,3728,18.6,22997,17107,19443,8157,6933,53294,13225,8950,42065
3100000US39900,39900,"Reno-Sparks, NV Metro Area",324335,4.8,6.8,208711,160229,21896,6607,6559,5530,7890,20.6,68462,44201,59157,16963,22164,170480,30005,11164,57673
3100000US39980,39980,"Richmond, IN Micro Area",54653,7.6,12.2,28251,23251,2770,344,671,485,730,20.2,7628,5461,7487,2951,6095,24452,3473,1440,41453
3100000US40060,40060,"Richmond, VA Metro Area",975646,4.1,6,614470,496029,61526,12709,8448,8067,27691,25.1,233179,97079,158000,61445,69799,486865,105163,27667,58662
3100000US40080,40080,"Richmond-Berea, KY Micro Area",76936,4.4,7.1,43486,34239,4939,75,2110,1057,1066,23,13300,9542,10064,5355,6310,34131,8213,2381,39131
3100000US40140,40140,"Riverside-San Bernardino-Ontario, CA Metro Area",3078006,6.4,10,1728020,1320646,240584,31130,34467,24196,76997,30.1,497499,330502,479161,203890,244877,1345950,288093,128706,56472
3100000US40220,40220,"Roanoke, VA Metro Area",241499,3.2,5,144063,119308,12868,1500,3245,1578,5564,21.9,46559,23786,42153,13659,22072,120519,19568,8610,46441
3100000US40260,40260,"Roanoke Rapids, NC Micro Area",58641,6.2,11.2,27846,23871,3315,52,316,0,292,23.9,8279,5861,5977,3402,4914,19796,7756,1180,29951
3100000US40340,40340,"Rochester, MN Metro Area",141236,2.2,3,100713,76515,10759,3062,3350,1012,6015,18.5,45184,16267,22312,7554,9850,86302,8248,7468,63842
3100000US40380,40380,"Rochester, NY Metro Area",837419,3.9,5.9,506195,405688,48149,11441,17182,6738,16997,20.9,200369,87441,127892,35350,64688,417801,72434,27064,52382
3100000US40420,40420,"Rockford, IL Metro Area",277097,5.1,7.7,165783,139716,15913,1500,2485,2419,3750,23.9,47725,25568,44438,13029,37982,145114,16118,7541,49754
3100000US40580,40580,"Rocky Mount, NC Metro Area",114321,4.7,7.4,65719,53373,9047,324,1234,896,845,21.6,18794,10085,17602,7193,13402,53801,10941,2564,39201
3100000US40660,40660,"Rome, GA Metro Area",74222,4.5,7.1,42998,33210,6238,521,782,648,1599,22.2,13220,7154,9412,5633,8376,36870,5151,1994,41618
3100000US40700,40700,"Roseburg, OR Micro Area",86054,5,8.9,42580,30393,6332,75,892,1154,3734,19.9,10818,9158,11041,4269,7324,34436,5233,3554,39285
3100000US40740,40740,"Roswell, NM Micro Area",50941,3.6,5.9,28876,21761,5407,230,293,605,580,15.7,N,N,N,N,N,23046,4080,2179,33623
3100000US40780,40780,"Russellville, AR Micro Area",65094,2.2,3.7,36864,29285,4963,74,279,1041,1222,20.3,9376,7061,9519,3607,7516,29391,6270,2021,40213
3100000US40900,40900,"Sacramento--Arden-Arcade--Roseville, CA Metro Area",1652779,5.3,8,972700,727828,116595,27868,19872,31557,48980,25.6,378643,183166,264392,82463,88483,704854,217408,77754,61029
3100000US40980,40980,"Saginaw-Saginaw Township North, MI Metro Area",159280,6,10.4,80336,69387,6996,345,1162,624,1822,21.5,25167,18025,22550,5794,10702,69276,9191,3906,41441
3100000US41060,41060,"St. Cloud, MN Metro Area",150133,3.5,4.8,104260,82426,7657,1411,4063,1421,7282,22.3,32297,18036,24470,10073,19959,85241,13186,7180,51657
3100000US41100,41100,"St. George, UT Metro Area",100886,2.7,4.4,56674,39197,11530,279,1071,842,3755,17.5,18063,9521,16586,7643,6342,46043,6268,5795,50333
3100000US41140,41140,"St. Joseph, MO-KS Metro Area",100090,3.3,5.1,60311,48318,7777,227,913,1171,1905,19.6,18221,10727,14638,6075,10999,48770,8055,3939,44426
3100000US41180,41180,"St. Louis, MO-IL Metro Area",2219004,4.2,6.3,1380963,1124098,128960,37647,23194,15743,51321,25.4,504969,239748,372726,119345,163268,1187425,147962,66585,53189
3100000US41420,41420,"Salem, OR Metro Area",302365,4.8,7.5,174624,127956,27074,3429,4214,3903,8048,23.3,52279,33058,42607,19947,24123,132061,35147,11539,48392
3100000US41500,41500,"Salinas, CA Metro Area",308933,6.2,9.6,179919,124440,25332,5333,6534,9716,8564,20.8,50702,36130,37566,14823,20456,134453,28679,15852,59375
3100000US41540,41540,"Salisbury, MD Metro Area",98313,3.5,5.6,56092,45770,5520,212,1700,927,1963,21.5,17645,9441,14847,7727,7306,44543,11271,2304,48880
3100000US41580,41580,"Salisbury, NC Micro Area",109307,4.6,7.2,62811,52106,7415,376,932,931,1051,23.6,15288,11471,14882,8389,14018,52174,8081,3761,42540
3100000US41620,41620,"Salt Lake City, UT Metro Area",817255,2.7,3.7,562773,423976,69803,18337,13979,10792,25886,22.3,200441,84729,161968,50541,72276,466833,76755,26623,60012
3100000US41660,41660,"San Angelo, TX Metro Area",85911,2.2,3.6,52868,41485,5751,173,2965,1186,1308,18.1,14077,8758,13476,7954,5318,37765,7906,4224,43642
3100000US41700,41700,"San Antonio, TX Metro Area",1530789,3.5,5.5,929471,724965,117354,23854,18797,14368,30133,25.4,308358,162250,255953,98123,99210,717946,147235,60668,47755
3100000US41740,41740,"San Diego-Carlsbad-San Marcos, CA Metro Area",2338442,4.4,6.9,1422322,1057103,160175,48572,46403,26992,83077,24.1,543754,255845,349731,115585,105736,1056008,197858,118188,63026
3100000US41780,41780,"Sandusky, OH Metro Area",62707,3.7,6.1,35472,31301,1889,0,639,1100,543,18.7,10440,5006,10157,3571,6345,29674,3994,2128,46385
3100000US41860,41860,"San Francisco-Oakland-Fremont, CA Metro Area",3456983,4.1,6.2,2137930,1333933,224906,308298,89533,64768,116492,28.8,976267,357969,514989,158804,176266,1680920,303647,201105,76848
3100000US41940,41940,"San Jose-Sunnyvale-Santa Clara, CA Metro Area",1423793,4.1,6,890768,683718,82996,32164,21046,31500,39344,24.5,438957,128909,195884,64183,80992,754695,90353,66081,88098
3100000US42020,42020,"San Luis Obispo-Paso Robles, CA Metro Area",221761,3.8,6.2,125195,93014,13070,1450,5398,4572,7691,20.2,45884,28220,30768,12370,9703,89712,22997,14837,60534
3100000US42060,42060,"Santa Barbara-Santa Maria-Goleta, CA Metro Area",321600,3.2,5,191943,124007,32054,6747,7868,9188,12079,20,65902,42426,45041,16310,15291,145250,31408,18567,61543
3100000US42100,42100,"Santa Cruz-Watsonville, CA Metro Area",205213,4.4,6.5,126810,90870,13368,3174,5956,5941,7501,26.6,55009,23650,27777,9204,10142,91069,22418,17542,67466
3100000US42140,42140,"Santa Fe, NM Metro Area",117849,4.5,6.8,71784,53128,7250,479,2489,2624,5814,21.6,31779,13739,15650,8208,3954,48557,16477,8370,55461
3100000US42220,42220,"Santa Rosa-Petaluma, CA Metro Area",377060,4.2,6.3,230919,172010,23338,5424,7315,7255,15577,25.3,81397,46344,64026,21579,21264,178145,29470,29400,62238
3100000US42340,42340,"Savannah, GA Metro Area",258129,3.1,4.9,155597,125916,16661,3412,2764,1867,4977,22.1,48855,29021,39726,15392,19934,122375,21861,8778,48080
3100000US42540,42540,"Scranton--Wilkes-Barre, PA Metro Area",452330,3.5,5.7,256506,205112,31784,2590,8476,2113,6431,21.1,79044,44395,74157,19856,42848,211999,34322,13953,42025
3100000US42580,42580,"Seaford, DE Micro Area",151991,4.6,7.8,80227,65235,8226,130,1570,3001,2065,23.4,23534,16850,22917,10862,8306,66887,10760,5360,47426
3100000US42620,42620,"Searcy, AR Micro Area",59429,3.5,6,31906,24351,6004,78,168,179,1126,22.5,8893,5811,9265,3873,4638,26487,4100,2020,39047
3100000US42660,42660,"Seattle-Tacoma-Bellevue, WA Metro Area",2663516,3.3,4.7,1741852,1201954,211419,138721,64004,37705,88049,27.7,726442,264212,426071,155127,176433,1406597,238040,105787,66465
3100000US42680,42680,"Sebastian-Vero Beach, FL Metro Area",109821,4.6,7.8,58288,48157,5437,65,673,1907,2049,21.6,18395,14368,14062,7281,4545,47686,6026,5585,46410
3100000US42700,42700,"Sebring, FL Micro Area",83393,4.6,9.7,34745,27956,3507,35,953,1286,1008,24.4,9006,8667,8716,4614,3138,29124,4785,1588,31971
3100000US42860,42860,"Seneca, SC Micro Area",58484,5,8.9,29211,22804,4211,129,485,419,1163,22.3,9589,2743,6597,4145,6648,22799,4360,2356,41171
3100000US42940,42940,"Sevierville, TN Micro Area",67955,4.1,6.4,39212,32123,5093,398,381,357,860,25.1,11151,9200,10841,5274,4346,31827,6136,3344,39765
3100000US43060,43060,"Shawnee, OK Micro Area",55267,2.8,4.6,30953,25509,3090,43,821,282,1208,24,8014,5815,7896,4559,5238,23078,6353,2103,42652
3100000US43100,43100,"Sheboygan, WI Metro Area",91385,4,5.6,60667,48805,5416,151,2554,2105,1636,17.8,15177,10176,16615,4866,14106,53881,4776,2839,51881
3100000US43140,43140,"Shelby, NC Micro Area",79087,6.9,11.4,41583,35731,3985,104,647,285,831,24.1,10663,7611,9363,4389,10300,35015,5173,2158,36748
3100000US43300,43300,"Sherman-Denison, TX Metro Area",93856,3.8,6.1,54196,43525,6774,308,909,584,2096,21.7,15899,9911,15623,5875,8527,45444,7310,3236,45882
3100000US43320,43320,"Show Low, AZ Micro Area",83686,5.7,10.1,41048,28331,8328,324,1400,421,2244,24.6,11322,9442,8935,6956,4870,25134,13857,3073,41090
3100000US43340,43340,"Shreveport-Bossier City, LA Metro Area",299166,4.6,7.4,173869,147656,13766,3582,2933,3219,2713,20.8,51596,34826,47857,18403,20373,134791,30281,8369,39529
3100000US43420,43420,"Sierra Vista-Douglas, AZ Micro Area",101824,3.4,6.5,51690,42220,5121,60,1386,850,2053,19.3,17599,10580,11919,4839,4330,33872,13819,1895,44549
3100000US43580,43580,"Sioux City, IA-NE-SD Metro Area",108924,3.2,4.4,74189,58908,6855,732,2120,1716,3858,16.8,21180,12777,19399,6366,14051,61910,8073,4863,44244
3100000US43620,43620,"Sioux Falls, SD Metro Area",179011,2.1,2.8,130394,108840,11483,296,2824,1635,5316,17.3,45564,17724,38201,12359,18274,112967,11840,7717,56890
3100000US43740,43740,"Somerset, PA Micro Area",64743,4.3,7.3,34077,27354,3750,54,1237,334,1348,21.8,9031,5828,9082,3939,6770,26924,5146,2721,37639
3100000US43780,43780,"South Bend-Mishawaka, IN-MI Metro Area",247085,5.4,8.2,147660,120962,13392,1326,4161,3252,4567,20.6,46383,24284,40808,12185,25579,128198,14547,7094,43704
3100000US43860,43860,"Southern Pines-Pinehurst, NC Micro Area",69265,3.3,5.9,37453,31053,4811,0,348,241,1000,21.3,13818,7248,8113,3694,3657,27651,6171,3313,46697
3100000US43900,43900,"Spartanburg, SC Metro Area",221252,4.8,7.8,122119,103553,12057,515,1962,1436,2596,22.3,37934,19898,29500,12477,25457,102620,16193,6270,45185
3100000US44060,44060,"Spokane, WA Metro Area",366868,4,6.2,218045,165777,23204,8093,4625,4178,12168,21.5,73631,43346,61749,16978,21902,172819,33107,11897,48395
3100000US44100,44100,"Springfield, IL Metro Area",164173,4.3,6.1,106888,87416,11811,1308,1715,1214,3424,19.4,42682,20261,30803,7672,7042,76717,26015,5921,53551
3100000US44140,44140,"Springfield, MA Metro Area",559464,5.3,8.1,330607,264890,26518,6720,14282,4576,13621,22.3,121031,60743,84815,25893,43676,253864,58470,23788,51613
3100000US44180,44180,"Springfield, MO Metro Area",336593,3.5,5.2,210296,170524,22512,802,4481,3226,8751,21.8,69011,34915,58669,22535,28019,175366,23932,14529,45319
3100000US44220,44220,"Springfield, OH Metro Area",111184,4.2,6.5,64847,54646,5896,643,1533,455,1674,22,16991,13000,17659,6438,11443,54327,8389,3708,45467
3100000US44300,44300,"State College, PA Metro Area",123774,2.7,4.6,68877,47930,6696,2580,7244,1631,2796,20.3,31873,11696,14886,4756,6649,53146,13431,3570,47549
3100000US44340,44340,"Statesboro, GA Micro Area",54573,6,9.5,30095,22465,4432,609,252,689,1648,22.6,9283,4094,8023,4272,4995,20553,8049,2178,39490
3100000US44380,44380,"Statesville-Mooresville, NC Micro Area",120458,4.3,6.3,76285,65923,6005,269,467,1214,2407,23.2,20941,13956,18416,7747,16171,64276,8499,4598,50343
3100000US44420,44420,"Staunton-Waynesboro, VA Micro Area",97074,2.5,4,57014,47775,5304,205,913,1087,1730,22,17426,9367,13088,6685,10939,44490,9936,3170,45910
3100000US44620,44620,"Stevens Point, WI Micro Area",56102,3.4,4.8,36455,27691,3168,809,2264,1439,1084,20.5,11910,5038,10433,2428,7012,29859,5664,1868,49858
3100000US44660,44660,"Stillwater, OK Micro Area",64790,1.4,2.3,38052,26820,6997,289,1796,762,1388,19.1,15411,5966,9904,3228,4025,25901,10831,1963,38508
3100000US44700,44700,"Stockton, CA Metro Area",501902,7.5,11.8,273076,203878,41311,4135,5476,7022,11254,29.1,77355,47704,72087,30467,44228,216518,43422,20897,54882
3100000US44940,44940,"Sumter, SC Metro Area",79335,6.4,10.9,43616,34820,5660,400,738,886,1112,20.9,10534,8794,8632,3344,9718,29625,9417,2008,37648
3100000US44980,44980,"Sunbury, PA Micro Area",75581,3.3,5.5,41859,32724,5619,212,1434,784,1086,23.1,10246,8401,10147,3895,9761,33673,6525,2418,40506
3100000US45060,45060,"Syracuse, NY Metro Area",520322,3.8,5.8,310860,248782,29383,8540,12476,3822,7857,20.8,115311,53171,88609,24432,36094,251081,51312,15607,48962
3100000US45180,45180,"Talladega-Sylacauga, AL Micro Area",64111,5.8,9.9,32846,27828,3039,270,600,633,476,24.8,6512,4816,8081,4452,9886,25955,5980,1888,33838
3100000US45220,45220,"Tallahassee, FL Metro Area",291186,4.8,7.3,172496,140257,18990,1860,4311,2736,4342,21.5,73548,30967,48230,13694,9829,111773,56075,8842,44074
3100000US45300,45300,"Tampa-St. Petersburg-Clearwater, FL Metro Area",2207642,4.5,7.4,1238253,989213,122946,17013,20639,27024,61418,25.7,443247,214876,367484,113809,113937,1035425,156355,65265,46319
3100000US45460,45460,"Terre Haute, IN Metro Area",137063,3.7,6.2,75037,62530,7404,255,1979,1559,1310,22,20777,16254,18033,7082,14137,62022,10367,4314,41080
3100000US45500,45500,"Texarkana, TX-Texarkana, AR Metro Area",107238,4.4,7.4,57664,45216,7740,503,898,1363,1944,18.3,15143,10170,17172,7368,8656,46118,9731,2779,38456
3100000US45540,45540,"The Villages, FL Micro Area",N,N,N,N,N,N,N,N,N,N,18.8,N,N,N,N,N,19956,5465,4127,47250
3100000US45640,45640,"Thomasville-Lexington, NC Micro Area",125157,5.2,7.9,73795,64356,7529,0,206,454,1250,21.9,20073,11104,20519,7872,15950,62948,9232,3581,43997
3100000US45780,45780,"Toledo, OH Metro Area",513130,6.1,9.1,306684,256079,25701,4421,9221,4003,7259,19.7,97993,53977,79295,25194,55029,256789,41353,14107,44514
3100000US45820,45820,"Topeka, KS Metro Area",180537,3.1,4.4,119546,97150,14905,786,1873,1515,3317,21.3,42690,20461,33121,10594,13858,85366,29235,6318,49348
3100000US45860,45860,"Torrington, CT Micro Area",153514,4,5.6,101514,85991,7744,956,1247,959,4617,26.9,35800,16941,26631,10282,13501,81911,12832,8519,67281
3100000US45900,45900,"Traverse City, MI Micro Area",116805,5.4,8.3,68720,53513,8258,778,1786,1123,3262,21.5,21282,14073,17897,6634,9369,56210,6691,6628,46859
3100000US45940,45940,"Trenton-Ewing, NJ Metro Area",289927,4.3,6.4,177826,125921,19033,12387,6631,5649,8205,26.7,79041,29133,45172,10990,16666,140907,31953,8384,73800
3100000US46020,46020,"Truckee-Grass Valley, CA Micro Area",82485,4.3,7.1,45910,36797,4655,0,1138,487,2833,22.3,16448,8193,13554,5884,2753,30849,8591,7267,53195
3100000US46060,46060,"Tucson, AZ Metro Area",801024,4.3,6.9,456965,347747,52648,13534,9913,14610,18513,24.7,160515,97389,120358,44520,34841,343888,83203,31111,46599
3100000US46100,46100,"Tullahoma, TN Micro Area",78633,3.5,5.8,42681,35223,4248,65,1013,699,1433,21.9,11099,7545,8846,5239,9626,33144,6220,4384,38350
3100000US46140,46140,"Tulsa, OK Metro Area",708404,2.6,3.9,449937,364493,53113,1884,6548,7791,16108,21.4,152598,70555,120777,51106,61627,377871,51470,27801,47067
3100000US46180,46180,"Tupelo, MS Micro Area",100211,3.4,5.2,60354,52102,6807,175,268,209,793,21.6,17703,7653,17425,5019,12891,49121,7486,4196,38660
3100000US46220,46220,"Tuscaloosa, AL Metro Area",164918,4.1,6.9,90835,77323,9021,294,1088,2031,1078,21.8,26391,14958,24170,10532,15904,70812,16923,4471,40402
3100000US46300,46300,"Twin Falls, ID Micro Area",71760,1.5,2.4,44018,34801,3644,226,961,793,3593,16.9,13143,6646,10823,5690,6260,34205,5728,4397,41702
3100000US46340,46340,"Tyler, TX Metro Area",155509,3.9,6.1,90114,70408,8762,153,760,2588,7443,22,30728,16861,21452,9418,14087,74817,11352,6499,47159
3100000US46380,46380,"Ukiah, CA Micro Area",69620,4.7,7.6,37948,27518,4553,168,987,452,4270,18.3,11376,8412,9518,4297,3750,23051,9431,6434,43205
3100000US46540,46540,"Utica-Rome, NY Metro Area",240197,4.4,7.1,133333,108642,11145,1323,4914,1157,6152,20,45852,24608,36728,9449,19858,103591,25151,8206,44394
3100000US46660,46660,"Valdosta, GA Metro Area",102604,5.2,8.1,63188,50247,7987,0,1342,2245,1367,17.9,16812,11041,15553,7061,9410,46468,10570,3089,42073
3100000US46700,46700,"Vallejo-Fairfield, CA Metro Area",318578,4.2,6.7,190507,142642,27556,6309,2523,5047,6430,30.1,58863,34891,49763,19683,22846,139345,35501,12678,70635
3100000US47020,47020,"Victoria, TX Metro Area",87804,4,6,54080,40655,9629,647,1008,947,1194,23.1,14553,9562,13681,7946,9199,42204,7260,5817,45842
3100000US47220,47220,"Vineland-Millville-Bridgeton, NJ Metro Area",123596,4.7,7.7,66797,54173,7335,970,1361,1510,1448,23.6,17944,17389,15188,5655,12435,52198,14621,2178,50833
3100000US47260,47260,"Virginia Beach-Norfolk-Newport News, VA-NC Metro Area",1292676,3.4,5.3,850697,680802,81538,18208,23748,12135,34266,23.6,279255,134566,206488,77396,77210,579971,161537,34200,57122
3100000US47300,47300,"Visalia-Porterville, CA Metro Area",306945,5.7,9.2,167842,121528,33516,1236,3018,2441,6103,20.7,44817,28793,33439,15153,26631,127464,34026,11214,45117
3100000US47380,47380,"Waco, TX Metro Area",176799,2.9,4.5,108253,86470,14300,121,3125,1251,2986,18.5,35300,18934,28895,11155,15760,88180,15841,6319,39700
3100000US47580,47580,"Warner Robins, GA Metro Area",102059,3.7,6,63121,52581,8415,218,701,405,801,19.5,20486,8561,15492,6937,8109,38849,18043,2863,58578
3100000US47700,47700,"Warsaw, IN Micro Area",58802,6.9,9.7,37178,28901,4111,222,904,621,2419,18.3,9251,5884,9512,2059,10955,30793,2951,3922,49142
3100000US47900,47900,"Washington-Arlington-Alexandria, DC-VA-MD-WV Metro Area",4204375,3.5,4.9,2893548,1917708,319052,388714,89401,45242,133431,33.1,1444279,429950,637089,213914,172649,2068988,675525,152078,85824
3100000US47940,47940,"Waterloo-Cedar Falls, IA Metro Area",131341,2.5,3.7,83750,70144,5499,646,4928,648,1885,16.2,24899,15874,22984,6092,15032,68493,13489,3324,48286
3100000US48020,48020,"Watertown-Fort Atkinson, WI Micro Area",63736,2.7,3.7,43164,33994,5861,80,1185,589,1455,23.3,13251,7617,10020,4406,8530,37128,4829,2112,55581
3100000US48060,48060,"Watertown-Fort Drum, NY Micro Area",92788,3.9,6.9,56791,45022,7518,104,1520,835,1792,19,13601,11121,12585,5673,5471,33658,11285,3814,45465
3100000US48140,48140,"Wausau, WI Metro Area",104051,3.4,4.7,70406,57332,7940,519,1253,1117,2245,19.6,21245,10957,16290,6310,16272,61578,6302,3952,54649
3100000US48260,48260,"Weirton-Steubenville, WV-OH Metro Area",101233,3.9,7,51704,43089,5120,283,1748,249,1215,22.2,15757,11076,11682,5698,8556,43066,7424,2266,38079
3100000US48300,48300,"Wenatchee, WA Metro Area",83708,2.8,4.4,49533,36830,5580,1655,2094,1638,1736,19.3,13629,10613,12331,3812,6328,38469,7963,4051,46754
3100000US48540,48540,"Wheeling, WV-OH Metro Area",119983,3.1,5.2,66287,55352,6605,418,1952,483,1477,22.9,18642,13100,17764,8555,9079,55028,9373,2959,38687
3100000US48580,48580,"Whitewater, WI Micro Area",81664,3.5,5.2,51784,41544,5017,587,1364,1076,2196,24,15078,9587,13957,5245,8771,43170,5410,4453,54190
3100000US48620,48620,"Wichita, KS Metro Area",459370,3.5,5,299971,253763,27238,1737,4369,2802,10062,18.7,100318,46634,77135,33410,44674,246199,39472,15892,49827
3100000US48660,48660,"Wichita Falls, TX Metro Area",115408,2.4,4.1,70885,55642,6716,228,4143,1034,3122,16.6,19726,14659,15975,5831,8201,47313,12098,4810,45417
3100000US48700,48700,"Williamsport, PA Metro Area",95631,4,6.3,55757,44980,5873,473,1912,1145,1374,19.9,16202,8325,16269,4920,10887,47143,6189,3354,42084
3100000US48740,48740,"Willimantic, CT Micro Area",95110,6.6,9.6,57450,45327,7423,351,1812,626,1911,25.9,16596,12034,12916,7233,9553,43599,12309,3211,53810
3100000US48900,48900,"Wilmington, NC Metro Area",281271,4.1,6.4,167164,135772,16198,1599,2498,2212,8885,21.8,56634,34638,42568,18958,16983,135100,21261,14727,48111
3100000US48980,48980,"Wilson, NC Micro Area",60146,5.9,9.3,34207,28783,4134,527,248,96,419,19.4,10685,4395,7483,4885,7089,28384,5384,1109,38004
3100000US49020,49020,"Winchester, VA-WV Metro Area",94095,3.2,4.5,63419,47568,8857,3134,1483,738,1639,28,19540,10352,13544,7162,9374,51547,9001,3918,50999
3100000US49180,49180,"Winston-Salem, NC Metro Area",367499,4.2,6.6,216358,178904,18662,3441,4593,3373,7385,21.6,78053,33626,55142,23246,30393,185672,21353,14057,46028
3100000US49300,49300,"Wooster, OH Micro Area",88872,3,4.3,57599,44921,5803,418,1671,1381,3405,20.8,15726,11280,11925,5339,13968,49331,5200,4126,48360
3100000US49340,49340,"Worcester, MA Metro Area",622439,3.8,5.4,399429,327543,37028,5410,9600,4978,14870,26.9,164956,65072,98070,33379,47208,330065,57488,21409,66878
3100000US49420,49420,"Yakima, WA Metro Area",171644,6.1,9.6,95864,78410,8639,1719,2575,1060,3461,18.7,26258,17020,19457,8203,16747,77747,15358,5432,45242
3100000US49620,49620,"York-Hanover, PA Metro Area",339560,3.2,4.7,220384,183976,21108,1931,4828,3491,5050,27,71783,32382,54560,23239,40926,188872,23472,11723,56910
3100000US49660,49660,"Youngstown-Warren-Boardman, OH-PA Metro Area",459423,4.5,7.5,249476,212354,19569,1872,3878,3520,8283,22.1,71416,50408,66723,24864,42543,213191,29099,13900,40549
3100000US49700,49700,"Yuba City, CA Metro Area",124496,7.2,11.4,68969,53313,8788,540,1518,1490,3320,28.8,18773,13247,19177,6757,9049,50668,12861,6232,50746
3100000US49740,49740,"Yuma, AZ Metro Area",144856,4.8,9.4,68363,50957,9988,1544,1665,2351,1858,19.7,17924,15285,16227,7545,7141,47914,16672,2891,38930
3100000US49780,49780,"Zanesville, OH Micro Area",67271,6.1,9.8,36450,29413,4479,119,757,173,1509,24.6,10145,6086,10231,3817,7247,29941,5227,2561,41569
